customer_id,nickname,gender,age_group,home_branch_id,joined_date,phone,home_branch,phone_shared,has_purchase
C00001,กมล,หญิง,18-24,B02,2026-03-03,082-xxx-6693,สีลม,False,True
C00002,กิตติ,ชาย,25-34,B04,2026-01-18,084-xxx-3734,บางนา,False,True
C00003,ปิยะ,หญิง,18-24,B04,2025-05-04,089-xxx-9286,บางนา,False,True
C00004,ปิยะ,หญิง,18-24,B05,2026-05-05,083-xxx-7314,มหาวิทยาลัย,False,False
C00005,รัตนา,หญิง,25-34,B04,2026-07-10,083-xxx-5701,บางนา,False,True
C00006,กมล,ชาย,18-24,B04,2026-08-16,086-xxx-1895,บางนา,False,False
C00007,วรรณ,ชาย,45-54,B03,2026-07-17,087-xxx-3147,อารีย์,False,True
C00008,ภัทร,หญิง,25-34,B01,2026-04-07,087-xxx-9877,สยาม,False,True
C00009,ภัทร,ชาย,18-24,B04,2026-01-10,089-xxx-7309,บางนา,False,False
C00010,อัญชลี,หญิง,18-24,B04,2026-06-15,089-xxx-9676,บางนา,False,True
C00011,ธีร,ไม่ระบุ,25-34,B05,2025-07-27,088-xxx-7647,มหาวิทยาลัย,True,True
C00012,วีระ,ชาย,25-34,B04,2025-06-28,083-xxx-2997,บางนา,False,True
C00013,อัญชลี,ชาย,ต่ำกว่า 18,B03,2025-12-02,088-xxx-1723,อารีย์,False,True
C00014,เกศ,ชาย,18-24,B03,2026-04-16,081-xxx-5807,อารีย์,False,True
C00015,มานพ,หญิง,25-34,B03,2026-06-26,087-xxx-7840,อารีย์,False,True
C00016,วีระ,ชาย,18-24,B05,2026-08-11,083-xxx-4615,มหาวิทยาลัย,False,False
C00017,จิรา,หญิง,25-34,B04,2026-04-05,086-xxx-9108,บางนา,False,True
C00018,วรรณ,หญิง,35-44,B03,2026-02-11,086-xxx-8878,อารีย์,False,True
C00019,ธนา,หญิง,35-44,B02,2025-06-05,082-xxx-6406,สีลม,False,True
C00020,ภัทร,หญิง,25-34,B04,2025-07-03,086-xxx-6190,บางนา,False,True
C00021,พิม,หญิง,25-34,B03,2026-07-18,085-xxx-9958,อารีย์,False,True
C00022,กมล,หญิง,25-34,B01,2026-02-14,086-xxx-5211,สยาม,False,True
C00023,ภูมิ,ชาย,18-24,B02,2026-01-11,085-xxx-2922,สีลม,False,True
C00024,กมล,หญิง,55+,B01,2026-08-07,089-xxx-6850,สยาม,False,True
C00025,จิรา,หญิง,18-24,B01,2025-05-29,085-xxx-7180,สยาม,False,True
C00026,ธนา,หญิง,35-44,B05,2025-05-05,089-xxx-5253,มหาวิทยาลัย,False,True
C00027,สมชาย,หญิง,18-24,B05,2025-10-08,087-xxx-1735,มหาวิทยาลัย,False,True
C00028,มานพ,ชาย,45-54,B01,2026-04-29,085-xxx-7097,สยาม,False,True
C00029,สมชาย,หญิง,45-54,B01,2026-05-01,081-xxx-9016,สยาม,False,False
C00030,กิตติ,หญิง,25-34,B01,2026-07-12,085-xxx-9731,สยาม,False,True
C00031,อรุณ,หญิง,45-54,B01,2026-08-08,088-xxx-5939,สยาม,False,False
C00032,นภัส,ชาย,45-54,B05,2026-06-19,082-xxx-1167,มหาวิทยาลัย,False,True
C00033,ชนา,ชาย,25-34,B01,2025-05-20,085-xxx-5390,สยาม,False,True
C00034,สุดา,ชาย,18-24,B01,2025-11-09,083-xxx-7772,สยาม,False,True
C00035,สุดา,หญิง,55+,B04,2026-05-27,081-xxx-8582,บางนา,False,True
C00036,นภัส,ชาย,35-44,B05,2026-09-04,087-xxx-6083,มหาวิทยาลัย,False,False
C00037,เกศ,ชาย,45-54,B05,2026-01-09,085-xxx-8732,มหาวิทยาลัย,False,True
C00038,ปิยะ,หญิง,ต่ำกว่า 18,B05,2026-08-07,088-xxx-9435,มหาวิทยาลัย,False,True
C00039,รัตนา,ชาย,35-44,B04,2026-01-07,085-xxx-8885,บางนา,False,True
C00040,พิม,หญิง,35-44,B04,2025-06-20,086-xxx-5032,บางนา,False,True
C00041,เกศ,ชาย,35-44,B05,2026-08-29,088-xxx-9000,มหาวิทยาลัย,False,False
C00042,กิตติ,หญิง,55+,B05,2026-03-10,086-xxx-9818,มหาวิทยาลัย,False,True
C00043,พิม,หญิง,45-54,B01,2026-04-15,086-xxx-2416,สยาม,False,False
C00044,อัญชลี,ชาย,45-54,B04,2025-09-21,084-xxx-3462,บางนา,False,True
C00045,อัญชลี,หญิง,25-34,B04,2025-11-21,083-xxx-8419,บางนา,False,True
C00046,ภูมิ,หญิง,18-24,B05,2025-09-12,082-xxx-8032,มหาวิทยาลัย,False,True
C00047,ภูมิ,ชาย,25-34,B01,2026-03-07,083-xxx-6495,สยาม,False,True
C00048,จิรา,หญิง,ต่ำกว่า 18,B04,2025-09-06,081-xxx-3859,บางนา,False,True
C00049,ศิริ,ชาย,25-34,B05,2026-05-30,088-xxx-6959,มหาวิทยาลัย,False,True
C00050,รัตนา,หญิง,25-34,B01,2025-08-02,089-xxx-3571,สยาม,False,True
C00051,ทิพย์,ชาย,ต่ำกว่า 18,B01,2025-06-23,083-xxx-3815,สยาม,False,True
C00052,ทิพย์,หญิง,55+,B03,2026-06-17,085-xxx-5917,อารีย์,False,True
C00053,วีระ,หญิง,25-34,B05,2025-09-16,085-xxx-7070,มหาวิทยาลัย,False,True
C00054,ภูมิ,หญิง,45-54,B05,2025-10-13,085-xxx-5948,มหาวิทยาลัย,False,True
C00055,ธนา,หญิง,25-34,B02,2026-05-20,088-xxx-4229,สีลม,True,True
C00056,ทิพย์,ชาย,25-34,B05,2025-12-22,082-xxx-6000,มหาวิทยาลัย,False,True
C00057,สุดา,ชาย,18-24,B05,2026-08-20,089-xxx-5789,มหาวิทยาลัย,False,False
C00058,สุดา,หญิง,35-44,B02,2026-03-29,083-xxx-5342,สีลม,False,True
C00059,จิรา,หญิง,18-24,B05,2025-12-30,081-xxx-7432,มหาวิทยาลัย,False,True
C00060,ธีร,ชาย,45-54,B01,2025-08-20,087-xxx-2039,สยาม,False,True
C00061,พิม,หญิง,45-54,B02,2025-12-23,088-xxx-7564,สีลม,False,True
C00062,นภัส,หญิง,25-34,B04,2025-04-17,081-xxx-8719,บางนา,False,True
C00063,วีระ,หญิง,35-44,B01,2026-09-10,086-xxx-4579,สยาม,False,True
C00064,อัญชลี,หญิง,18-24,B02,2026-03-25,083-xxx-8853,สีลม,False,False
C00065,มานพ,ชาย,25-34,B05,2025-05-04,086-xxx-6165,มหาวิทยาลัย,False,True
C00066,กมล,ไม่ระบุ,35-44,B01,2025-10-20,086-xxx-6400,สยาม,False,True
C00067,ธีร,หญิง,18-24,B04,2025-07-19,081-xxx-7615,บางนา,False,True
C00068,ปิยะ,หญิง,25-34,B05,2025-04-12,088-xxx-5690,มหาวิทยาลัย,True,True
C00069,ภัทร,ชาย,55+,B05,2026-07-12,086-xxx-2816,มหาวิทยาลัย,False,True
C00070,มานพ,หญิง,25-34,B05,2025-08-05,083-xxx-6314,มหาวิทยาลัย,False,True
C00071,นภัส,ชาย,18-24,B04,2026-08-20,081-xxx-3207,บางนา,False,True
C00072,ปิยะ,หญิง,25-34,B05,2025-07-31,085-xxx-4658,มหาวิทยาลัย,False,True
C00073,ชนา,ชาย,18-24,B01,2025-11-14,082-xxx-5547,สยาม,False,True
C00074,ธีร,ชาย,ต่ำกว่า 18,B03,2026-07-18,086-xxx-9947,อารีย์,False,True
C00075,วีระ,ชาย,55+,B05,2026-01-20,086-xxx-4902,มหาวิทยาลัย,False,True
C00076,มานพ,ชาย,25-34,B05,2025-05-24,083-xxx-7583,มหาวิทยาลัย,True,False
C00077,ปิยะ,หญิง,25-34,B03,2026-03-10,085-xxx-6242,อารีย์,False,True
C00078,ปิยะ,ชาย,ต่ำกว่า 18,B04,2026-01-02,087-xxx-7882,บางนา,False,True
C00079,ธนา,หญิง,25-34,B03,2025-11-26,087-xxx-4552,อารีย์,False,True
C00080,วีระ,หญิง,18-24,B02,2026-06-16,081-xxx-3674,สีลม,False,True
C00081,วรรณ,หญิง,18-24,B02,2025-05-19,087-xxx-8426,สีลม,False,True
C00082,ศิริ,ชาย,25-34,B01,2026-05-16,088-xxx-5789,สยาม,False,True
C00083,ณัฐ,หญิง,45-54,B02,2025-11-09,081-xxx-2032,สีลม,False,False
C00084,ทิพย์,หญิง,18-24,B01,2025-10-20,082-xxx-3704,สยาม,False,True
C00085,ปิยะ,หญิง,25-34,B01,2025-07-13,086-xxx-1237,สยาม,False,False
C00086,สมชาย,ชาย,25-34,B01,2026-08-07,089-xxx-8145,สยาม,False,False
C00087,กมล,หญิง,25-34,B02,2026-07-01,085-xxx-9483,สีลม,False,True
C00088,ทิพย์,ชาย,45-54,B03,2026-07-08,085-xxx-2974,อารีย์,False,True
C00089,ภัทร,ชาย,18-24,B03,2026-05-23,081-xxx-3858,อารีย์,False,True
C00090,ธีร,ชาย,25-34,B01,2025-05-15,084-xxx-1308,สยาม,False,True
C00091,มานพ,ชาย,45-54,B05,2026-06-17,081-xxx-4431,มหาวิทยาลัย,False,True
C00092,ศิริ,หญิง,25-34,B04,2026-08-02,085-xxx-9616,บางนา,False,False
C00093,มานพ,ชาย,25-34,B04,2025-09-14,087-xxx-3713,บางนา,False,True
C00094,วรรณ,ชาย,18-24,B01,2026-07-25,084-xxx-6598,สยาม,False,True
C00095,กมล,ชาย,25-34,B04,2026-07-25,087-xxx-3532,บางนา,False,True
C00096,รัตนา,ชาย,25-34,B04,2026-06-10,088-xxx-7401,บางนา,False,True
C00097,ทิพย์,หญิง,25-34,B02,2025-04-08,082-xxx-8465,สีลม,False,True
C00098,จิรา,ชาย,25-34,B04,2026-04-29,085-xxx-7518,บางนา,False,True
C00099,สมชาย,หญิง,18-24,B01,2026-07-08,085-xxx-4491,สยาม,False,True
C00100,มานพ,ชาย,25-34,B03,2025-12-17,082-xxx-7695,อารีย์,False,True
C00101,ทิพย์,ชาย,25-34,B02,2025-08-01,086-xxx-5318,สีลม,False,True
C00102,อัญชลี,หญิง,55+,B03,2026-04-09,088-xxx-8678,อารีย์,False,True
C00103,ชนา,ชาย,45-54,B03,2026-08-11,087-xxx-4136,อารีย์,False,True
C00104,อัญชลี,หญิง,25-34,B02,2025-06-15,086-xxx-8428,สีลม,False,True
C00105,นภัส,ชาย,45-54,B01,2025-11-13,089-xxx-6997,สยาม,False,True
C00106,สมชาย,หญิง,25-34,B02,2025-08-12,087-xxx-1821,สีลม,False,True
C00107,ภูมิ,ชาย,18-24,B04,2026-08-22,082-xxx-3026,บางนา,False,False
C00108,อัญชลี,ชาย,25-34,B04,2026-03-03,081-xxx-6724,บางนา,False,False
C00109,รัตนา,ชาย,25-34,B03,2026-02-15,081-xxx-4590,อารีย์,False,True
C00110,ปิยะ,หญิง,18-24,B02,2026-05-18,085-xxx-7958,สีลม,False,True
C00111,ทิพย์,ชาย,35-44,B05,2026-03-18,083-xxx-2962,มหาวิทยาลัย,False,False
C00112,มานพ,หญิง,25-34,B01,2025-09-24,088-xxx-7917,สยาม,False,True
C00113,นภัส,ชาย,55+,B04,2026-06-16,084-xxx-3165,บางนา,False,True
C00114,ธีร,หญิง,35-44,B02,2025-06-21,085-xxx-4509,สีลม,False,True
C00115,อรุณ,หญิง,55+,B01,2025-10-20,083-xxx-6525,สยาม,False,True
C00116,ภูมิ,หญิง,25-34,B02,2026-09-02,082-xxx-7093,สีลม,False,False
C00117,ชนา,หญิง,25-34,B04,2026-07-11,084-xxx-9527,บางนา,False,False
C00118,ธนา,หญิง,55+,B05,2025-07-17,082-xxx-8152,มหาวิทยาลัย,False,True
C00119,ณัฐ,หญิง,45-54,B05,2026-03-04,085-xxx-4184,มหาวิทยาลัย,False,False
C00120,ศิริ,หญิง,18-24,B05,2025-04-28,082-xxx-8300,มหาวิทยาลัย,False,True
C00121,รัตนา,ชาย,25-34,B05,2025-11-16,082-xxx-2366,มหาวิทยาลัย,False,True
C00122,ภัทร,ชาย,35-44,B03,2026-01-08,086-xxx-9202,อารีย์,False,True
C00123,จิรา,หญิง,25-34,B01,2025-11-22,081-xxx-4098,สยาม,False,True
C00124,ปิยะ,หญิง,ต่ำกว่า 18,B01,2025-07-02,087-xxx-5575,สยาม,False,True
C00125,มานพ,หญิง,55+,B05,2025-09-23,081-xxx-9387,มหาวิทยาลัย,True,True
C00126,สุดา,หญิง,25-34,B02,2026-03-09,086-xxx-6608,สีลม,False,True
C00127,อรุณ,ชาย,18-24,B05,2025-07-28,082-xxx-8028,มหาวิทยาลัย,False,True
C00128,ชนา,ชาย,35-44,B02,2026-06-30,088-xxx-6915,สีลม,False,False
C00129,ทิพย์,หญิง,35-44,B01,2025-07-10,085-xxx-2463,สยาม,False,True
C00130,มานพ,หญิง,25-34,B02,2026-01-31,084-xxx-4504,สีลม,False,True
C00131,จิรา,ชาย,35-44,B01,2025-09-15,085-xxx-4322,สยาม,False,True
C00132,ปิยะ,ชาย,18-24,B01,2026-07-03,082-xxx-1658,สยาม,False,True
C00133,มานพ,ชาย,35-44,B02,2025-06-08,081-xxx-8023,สีลม,True,True
C00134,ธีร,ชาย,25-34,B05,2026-02-21,084-xxx-4620,มหาวิทยาลัย,False,True
C00135,อัญชลี,หญิง,18-24,B05,2025-04-28,088-xxx-9263,มหาวิทยาลัย,False,True
C00136,สมชาย,ชาย,ต่ำกว่า 18,B04,2025-05-28,084-xxx-7699,บางนา,False,True
C00137,ณัฐ,ชาย,25-34,B04,2026-01-24,081-xxx-4504,บางนา,False,True
C00138,ภูมิ,ชาย,18-24,B04,2025-10-15,086-xxx-1270,บางนา,False,True
C00139,กิตติ,หญิง,25-34,B04,2025-04-06,087-xxx-9310,บางนา,False,True
C00140,จิรา,ชาย,25-34,B02,2026-09-01,089-xxx-1549,สีลม,False,False
C00141,กมล,ชาย,35-44,B05,2025-09-10,089-xxx-4649,มหาวิทยาลัย,False,True
C00142,จิรา,หญิง,25-34,B05,2025-12-14,081-xxx-3003,มหาวิทยาลัย,False,True
C00143,ทิพย์,หญิง,25-34,B05,2025-08-29,082-xxx-9854,มหาวิทยาลัย,False,True
C00144,ทิพย์,หญิง,25-34,B02,2025-06-13,088-xxx-8918,สีลม,False,True
C00145,ปิยะ,ไม่ระบุ,35-44,B02,2026-02-20,082-xxx-3424,สีลม,False,True
C00146,ชนา,หญิง,25-34,B05,2025-05-16,089-xxx-2717,มหาวิทยาลัย,False,True
C00147,จิรา,หญิง,25-34,B05,2026-03-05,085-xxx-1543,มหาวิทยาลัย,False,True
C00148,ปวีณ,หญิง,25-34,B05,2026-02-26,089-xxx-1172,มหาวิทยาลัย,False,True
C00149,ธีร,หญิง,18-24,B03,2026-07-23,085-xxx-2218,อารีย์,False,True
C00150,เกศ,หญิง,45-54,B01,2026-07-05,084-xxx-5022,สยาม,False,True
C00151,มานพ,ชาย,45-54,B03,2026-08-30,081-xxx-4866,อารีย์,False,False
C00152,พิม,หญิง,18-24,B01,2026-03-25,081-xxx-7137,สยาม,False,True
C00153,รัตนา,ชาย,35-44,B05,2025-08-10,088-xxx-1767,มหาวิทยาลัย,False,True
C00154,ชนา,หญิง,18-24,B05,2026-07-26,088-xxx-2094,มหาวิทยาลัย,False,True
C00155,มานพ,ชาย,25-34,B03,2026-05-03,086-xxx-5998,อารีย์,False,True
C00156,สุดา,หญิง,55+,B04,2025-11-02,088-xxx-1700,บางนา,False,True
C00157,กมล,ชาย,35-44,B01,2026-04-27,087-xxx-3901,สยาม,False,True
C00158,อรุณ,หญิง,25-34,B01,2025-07-08,086-xxx-9378,สยาม,False,True
C00159,เกศ,หญิง,25-34,B05,2025-04-21,089-xxx-2766,มหาวิทยาลัย,False,True
C00160,ธีร,ชาย,55+,B05,2025-11-13,085-xxx-4632,มหาวิทยาลัย,False,True
C00161,ศิริ,หญิง,25-34,B05,2026-02-11,081-xxx-5467,มหาวิทยาลัย,False,True
C00162,จิรา,หญิง,25-34,B01,2026-02-06,085-xxx-6632,สยาม,False,True
C00163,ธนา,หญิง,25-34,B01,2026-02-05,086-xxx-8106,สยาม,False,True
C00164,พิม,ชาย,35-44,B04,2025-11-09,086-xxx-3887,บางนา,False,True
C00165,ธนา,หญิง,18-24,B04,2025-07-27,084-xxx-6009,บางนา,False,True
C00166,จิรา,หญิง,18-24,B02,2026-08-13,085-xxx-1842,สีลม,False,True
C00167,วีระ,ไม่ระบุ,25-34,B02,2026-06-30,086-xxx-3868,สีลม,False,True
C00168,อัญชลี,หญิง,18-24,B03,2026-03-07,089-xxx-4311,อารีย์,False,True
C00169,พิม,หญิง,25-34,B01,2026-07-29,089-xxx-4262,สยาม,False,True
C00170,ภัทร,หญิง,35-44,B02,2025-08-15,082-xxx-6807,สีลม,False,True
C00171,อรุณ,หญิง,18-24,B03,2026-07-07,082-xxx-8136,อารีย์,False,True
C00172,วรรณ,หญิง,18-24,B01,2025-07-26,085-xxx-6691,สยาม,False,True
C00173,กมล,ชาย,35-44,B01,2026-08-04,084-xxx-7338,สยาม,False,False
C00174,ภัทร,ชาย,25-34,B03,2026-07-26,088-xxx-1475,อารีย์,False,True
C00175,ณัฐ,ชาย,25-34,B01,2025-10-18,085-xxx-6708,สยาม,False,True
C00176,อัญชลี,หญิง,45-54,B02,2026-02-02,089-xxx-2020,สีลม,False,True
C00177,ชนา,ชาย,25-34,B01,2026-02-28,086-xxx-8065,สยาม,False,False
C00178,สมชาย,หญิง,18-24,B04,2026-02-09,084-xxx-3042,บางนา,True,True
C00179,รัตนา,ชาย,18-24,B02,2025-12-06,086-xxx-2646,สีลม,False,True
C00180,สุดา,หญิง,25-34,B01,2025-09-30,089-xxx-6071,สยาม,False,True
C00181,ศิริ,ชาย,25-34,B05,2026-02-06,084-xxx-5034,มหาวิทยาลัย,False,True
C00182,ธนา,ชาย,18-24,B01,2026-02-04,084-xxx-2976,สยาม,False,True
C00183,กิตติ,ชาย,18-24,B05,2025-04-27,087-xxx-1279,มหาวิทยาลัย,False,True
C00184,สมชาย,ไม่ระบุ,18-24,B02,2025-08-31,083-xxx-1286,สีลม,False,True
C00185,วีระ,หญิง,45-54,B04,2026-02-12,085-xxx-5007,บางนา,False,True
C00186,วีระ,ชาย,35-44,B05,2025-04-06,085-xxx-3919,มหาวิทยาลัย,False,True
C00187,มานพ,ชาย,45-54,B02,2025-10-12,089-xxx-1413,สีลม,False,True
C00188,ทิพย์,หญิง,35-44,B03,2026-07-16,088-xxx-8998,อารีย์,False,True
C00189,เกศ,ชาย,35-44,B01,2026-05-13,082-xxx-1968,สยาม,False,False
C00190,ศิริ,หญิง,55+,B05,2026-03-19,085-xxx-3522,มหาวิทยาลัย,False,False
C00191,อัญชลี,หญิง,35-44,B01,2026-03-29,082-xxx-8333,สยาม,False,True
C00192,วรรณ,หญิง,18-24,B05,2025-11-18,081-xxx-7248,มหาวิทยาลัย,False,True
C00193,มานพ,หญิง,18-24,B03,2026-02-14,082-xxx-6597,อารีย์,False,True
C00194,วีระ,ชาย,35-44,B05,2025-10-01,089-xxx-7803,มหาวิทยาลัย,False,True
C00195,ศิริ,ชาย,55+,B04,2026-03-07,085-xxx-6131,บางนา,False,True
C00196,ภัทร,หญิง,25-34,B04,2025-12-07,087-xxx-4750,บางนา,False,True
C00197,ทิพย์,ชาย,25-34,B04,2026-05-05,088-xxx-9840,บางนา,True,True
C00198,ปิยะ,หญิง,18-24,B01,2026-08-16,085-xxx-1695,สยาม,False,False
C00199,ภูมิ,หญิง,25-34,B03,2026-07-08,083-xxx-2200,อารีย์,False,True
C00200,พิม,หญิง,18-24,B01,2025-07-15,086-xxx-9373,สยาม,False,True
C00201,ธีร,ชาย,18-24,B01,2026-04-09,082-xxx-4504,สยาม,False,True
C00202,สมชาย,ชาย,35-44,B02,2026-04-29,088-xxx-6687,สีลม,False,True
C00203,ปวีณ,หญิง,25-34,B02,2026-01-26,088-xxx-3646,สีลม,False,True
C00204,ศิริ,ชาย,35-44,B05,2026-04-07,083-xxx-4750,มหาวิทยาลัย,False,True
C00205,วีระ,ชาย,25-34,B01,2026-01-06,089-xxx-5548,สยาม,True,True
C00206,ภูมิ,ชาย,45-54,B01,2026-04-24,085-xxx-9673,สยาม,False,True
C00207,ปิยะ,หญิง,18-24,B05,2026-08-27,081-xxx-7384,มหาวิทยาลัย,False,False
C00208,ธีร,หญิง,18-24,B03,2026-03-01,081-xxx-7810,อารีย์,False,True
C00209,นภัส,ชาย,18-24,B01,2025-07-23,085-xxx-9196,สยาม,False,True
C00210,ศิริ,ชาย,18-24,B01,2025-05-16,085-xxx-2389,สยาม,False,True
C00211,ปิยะ,หญิง,35-44,B05,2025-12-22,088-xxx-1662,มหาวิทยาลัย,False,True
C00212,อรุณ,หญิง,55+,B01,2026-04-20,081-xxx-6511,สยาม,False,True
C00213,นภัส,หญิง,25-34,B02,2026-01-13,082-xxx-9839,สีลม,False,True
C00214,ธนา,หญิง,18-24,B05,2026-03-26,087-xxx-1072,มหาวิทยาลัย,False,True
C00215,กมล,หญิง,ต่ำกว่า 18,B05,2026-07-29,085-xxx-9049,มหาวิทยาลัย,False,False
C00216,นภัส,หญิง,35-44,B05,2026-08-14,087-xxx-3328,มหาวิทยาลัย,False,False
C00217,พิม,หญิง,18-24,B01,2025-11-11,085-xxx-3776,สยาม,False,True
C00218,ณัฐ,ชาย,35-44,B01,2026-06-26,088-xxx-5690,สยาม,True,True
C00219,สุดา,ชาย,18-24,B05,2026-05-05,085-xxx-4076,มหาวิทยาลัย,False,True
C00220,รัตนา,หญิง,35-44,B05,2026-04-03,088-xxx-4716,มหาวิทยาลัย,False,False
C00221,สุดา,หญิง,25-34,B02,2026-07-22,088-xxx-2943,สีลม,False,True
C00222,ธนา,หญิง,25-34,B01,2025-10-31,088-xxx-6407,สยาม,False,True
C00223,ธนา,ชาย,18-24,B01,2025-11-28,088-xxx-4694,สยาม,False,True
C00224,ปิยะ,หญิง,25-34,B04,2026-03-17,084-xxx-8716,บางนา,False,True
C00225,มานพ,หญิง,35-44,B02,2026-07-14,082-xxx-8677,สีลม,False,True
C00226,กิตติ,หญิง,ต่ำกว่า 18,B05,2025-12-11,089-xxx-3890,มหาวิทยาลัย,False,True
C00227,สมชาย,ชาย,18-24,B02,2026-06-09,087-xxx-6615,สีลม,False,True
C00228,ภูมิ,ไม่ระบุ,35-44,B03,2026-04-03,082-xxx-7829,อารีย์,False,True
C00229,จิรา,หญิง,18-24,B03,2025-12-25,084-xxx-4524,อารีย์,True,True
C00230,กิตติ,ชาย,35-44,B02,2025-11-18,084-xxx-8978,สีลม,False,True
C00231,กมล,หญิง,25-34,B02,2026-07-27,081-xxx-7193,สีลม,False,True
C00232,มานพ,หญิง,35-44,B03,2026-05-20,083-xxx-8904,อารีย์,False,True
C00233,จิรา,ชาย,45-54,B05,2025-06-24,085-xxx-1038,มหาวิทยาลัย,False,True
C00234,วีระ,ชาย,18-24,B05,2025-10-25,082-xxx-1456,มหาวิทยาลัย,False,True
C00235,ภัทร,หญิง,45-54,B02,2026-01-12,084-xxx-6201,สีลม,True,True
C00236,ปวีณ,หญิง,45-54,B04,2025-05-15,083-xxx-3433,บางนา,False,True
C00237,ศิริ,หญิง,25-34,B05,2026-06-06,082-xxx-9488,มหาวิทยาลัย,False,True
C00238,วีระ,ชาย,18-24,B01,2025-12-04,087-xxx-3708,สยาม,False,True
C00239,ปิยะ,หญิง,35-44,B03,2026-08-30,089-xxx-1573,อารีย์,False,False
C00240,อรุณ,หญิง,25-34,B05,2025-08-26,083-xxx-1192,มหาวิทยาลัย,False,True
C00241,ธีร,ชาย,25-34,B04,2025-04-05,082-xxx-7372,บางนา,False,True
C00242,ภัทร,ชาย,18-24,B04,2025-11-12,082-xxx-5716,บางนา,False,True
C00243,กิตติ,ไม่ระบุ,25-34,B03,2026-09-12,081-xxx-2530,อารีย์,False,False
C00244,จิรา,หญิง,18-24,B02,2025-10-24,086-xxx-2013,สีลม,False,True
C00245,ภัทร,หญิง,25-34,B01,2025-08-12,089-xxx-4517,สยาม,False,True
C00246,วรรณ,หญิง,18-24,B04,2026-05-14,086-xxx-9028,บางนา,False,True
C00247,สมชาย,หญิง,35-44,B03,2026-07-28,083-xxx-6572,อารีย์,False,False
C00248,ทิพย์,หญิง,25-34,B04,2026-09-05,087-xxx-5949,บางนา,False,False
C00249,พิม,หญิง,18-24,B01,2025-09-21,088-xxx-3550,สยาม,False,True
C00250,อัญชลี,หญิง,25-34,B05,2025-07-15,086-xxx-9117,มหาวิทยาลัย,False,True
C00251,นภัส,ไม่ระบุ,18-24,B01,2025-08-16,083-xxx-8251,สยาม,False,True
C00252,ณัฐ,หญิง,18-24,B01,2025-08-20,087-xxx-3110,สยาม,False,True
C00253,อรุณ,หญิง,25-34,B03,2026-01-28,085-xxx-7976,อารีย์,False,True
C00254,รัตนา,ชาย,18-24,B04,2025-05-09,089-xxx-3224,บางนา,False,True
C00255,ปวีณ,ชาย,25-34,B03,2026-01-04,082-xxx-7102,อารีย์,False,True
C00256,ณัฐ,ชาย,25-34,B01,2026-06-08,084-xxx-2187,สยาม,False,True
C00257,รัตนา,หญิง,25-34,B02,2025-07-08,081-xxx-6095,สีลม,False,True
C00258,อัญชลี,ชาย,25-34,B05,2025-11-04,081-xxx-7712,มหาวิทยาลัย,False,True
C00259,ณัฐ,ไม่ระบุ,45-54,B01,2026-06-24,087-xxx-1179,สยาม,False,False
C00260,จิรา,หญิง,55+,B01,2025-05-07,084-xxx-7480,สยาม,False,True
C00261,รัตนา,ไม่ระบุ,18-24,B02,2025-12-15,084-xxx-4808,สีลม,True,True
C00262,อรุณ,หญิง,25-34,B01,2026-07-15,082-xxx-8784,สยาม,False,True
C00263,มานพ,หญิง,ต่ำกว่า 18,B04,2026-01-03,081-xxx-7360,บางนา,False,True
C00264,ทิพย์,ชาย,25-34,B03,2026-04-06,086-xxx-4751,อารีย์,False,True
C00265,สมชาย,ชาย,25-34,B03,2026-01-08,088-xxx-7473,อารีย์,False,True
C00266,ธนา,หญิง,ต่ำกว่า 18,B03,2026-08-21,083-xxx-9867,อารีย์,False,True
C00267,ศิริ,หญิง,45-54,B03,2026-04-26,085-xxx-8231,อารีย์,False,True
C00268,รัตนา,หญิง,25-34,B04,2025-07-15,081-xxx-6696,บางนา,False,True
C00269,ปิยะ,ชาย,25-34,B01,2026-04-24,086-xxx-8413,สยาม,False,True
C00270,อรุณ,หญิง,35-44,B04,2025-12-04,087-xxx-5915,บางนา,False,True
C00271,ปิยะ,หญิง,25-34,B05,2025-05-29,084-xxx-8506,มหาวิทยาลัย,False,True
C00272,ศิริ,ชาย,45-54,B01,2025-07-26,089-xxx-5213,สยาม,False,True
C00273,ปวีณ,ไม่ระบุ,18-24,B01,2025-11-21,087-xxx-7216,สยาม,False,True
C00274,สมชาย,ชาย,ต่ำกว่า 18,B01,2026-02-04,082-xxx-1130,สยาม,False,True
C00275,ปวีณ,หญิง,18-24,B01,2026-06-19,085-xxx-6212,สยาม,False,True
C00276,นภัส,ชาย,25-34,B01,2026-08-14,085-xxx-6536,สยาม,False,True
C00277,ชนา,หญิง,25-34,B02,2026-03-03,082-xxx-3665,สีลม,False,True
C00278,ธีร,หญิง,18-24,B02,2026-04-26,082-xxx-5173,สีลม,False,True
C00279,อัญชลี,หญิง,18-24,B01,2026-08-09,086-xxx-3167,สยาม,False,False
C00280,ธีร,หญิง,25-34,B05,2025-10-07,088-xxx-2741,มหาวิทยาลัย,False,True
C00281,พิม,ชาย,45-54,B02,2025-08-09,083-xxx-6991,สีลม,False,True
C00282,นภัส,หญิง,18-24,B04,2026-01-17,081-xxx-9648,บางนา,False,True
C00283,ภูมิ,หญิง,25-34,B02,2025-08-25,082-xxx-8080,สีลม,False,True
C00284,ปวีณ,ชาย,45-54,B02,2025-07-01,088-xxx-5116,สีลม,False,True
C00285,สุดา,ชาย,35-44,B01,2026-02-04,087-xxx-9777,สยาม,False,True
C00286,ปวีณ,ชาย,25-34,B02,2025-12-03,087-xxx-9912,สีลม,False,True
C00287,ชนา,ชาย,35-44,B02,2026-09-08,086-xxx-6487,สีลม,False,False
C00288,จิรา,ไม่ระบุ,25-34,B02,2026-01-26,086-xxx-7431,สีลม,False,False
C00289,มานพ,หญิง,35-44,B03,2026-02-26,085-xxx-2708,อารีย์,False,True
C00290,ธีร,ชาย,18-24,B01,2026-08-13,086-xxx-6025,สยาม,False,False
C00291,ภูมิ,หญิง,18-24,B04,2025-08-28,085-xxx-2864,บางนา,False,True
C00292,จิรา,หญิง,25-34,B01,2026-05-12,089-xxx-6437,สยาม,False,True
C00293,ปวีณ,ชาย,35-44,B03,2026-02-19,087-xxx-2770,อารีย์,False,True
C00294,กิตติ,หญิง,45-54,B02,2026-05-27,083-xxx-5657,สีลม,False,True
C00295,ปิยะ,ชาย,25-34,B02,2025-11-13,085-xxx-6528,สีลม,False,True
C00296,มานพ,หญิง,25-34,B01,2025-12-14,082-xxx-1497,สยาม,False,True
C00297,จิรา,หญิง,55+,B04,2025-06-22,085-xxx-4245,บางนา,False,True
C00298,กมล,หญิง,45-54,B01,2025-11-19,085-xxx-2148,สยาม,False,True
C00299,ปิยะ,หญิง,25-34,B04,2026-07-02,085-xxx-5104,บางนา,False,True
C00300,ปิยะ,ชาย,25-34,B02,2025-09-25,089-xxx-4756,สีลม,False,True
C00301,ชนา,ชาย,18-24,B01,2025-06-03,087-xxx-3506,สยาม,False,True
C00302,กมล,หญิง,25-34,B01,2025-04-28,084-xxx-6780,สยาม,False,True
C00303,อรุณ,หญิง,18-24,B02,2026-03-17,089-xxx-9912,สีลม,False,False
C00304,วรรณ,หญิง,18-24,B04,2025-09-02,085-xxx-3427,บางนา,False,True
C00305,ธนา,หญิง,25-34,B02,2025-06-15,082-xxx-3987,สีลม,False,True
C00306,พิม,หญิง,25-34,B02,2025-07-17,085-xxx-9719,สีลม,False,True
C00307,จิรา,ชาย,18-24,B04,2026-04-28,087-xxx-3020,บางนา,False,True
C00308,รัตนา,หญิง,25-34,B01,2026-01-05,089-xxx-5027,สยาม,False,True
C00309,กิตติ,หญิง,25-34,B05,2025-04-24,088-xxx-5018,มหาวิทยาลัย,False,True
C00310,ธีร,หญิง,55+,B01,2026-03-23,089-xxx-5179,สยาม,False,True
C00311,อัญชลี,หญิง,18-24,B04,2025-07-29,084-xxx-5452,บางนา,False,True
C00312,สมชาย,ชาย,18-24,B04,2026-06-05,083-xxx-5398,บางนา,False,True
C00313,ปวีณ,หญิง,45-54,B02,2026-06-17,089-xxx-2545,สีลม,False,True
C00314,ธนา,ชาย,25-34,B04,2025-12-10,081-xxx-8533,บางนา,False,True
C00315,สุดา,ชาย,18-24,B03,2026-07-28,084-xxx-1510,อารีย์,False,True
C00316,ปวีณ,หญิง,35-44,B05,2026-08-19,085-xxx-6125,มหาวิทยาลัย,False,True
C00317,สุดา,หญิง,45-54,B02,2026-02-23,083-xxx-6936,สีลม,False,True
C00318,อัญชลี,หญิง,18-24,B03,2026-03-23,085-xxx-1453,อารีย์,False,True
C00319,สมชาย,หญิง,45-54,B04,2026-05-14,085-xxx-2524,บางนา,False,True
C00320,วีระ,หญิง,25-34,B01,2026-04-12,085-xxx-7143,สยาม,True,True
C00321,อัญชลี,ชาย,35-44,B01,2025-12-22,084-xxx-4083,สยาม,False,True
C00322,อรุณ,ชาย,45-54,B01,2025-05-18,088-xxx-8723,สยาม,False,True
C00323,กมล,หญิง,18-24,B04,2026-08-07,081-xxx-1570,บางนา,False,False
C00324,ภัทร,ชาย,25-34,B05,2025-07-24,087-xxx-5943,มหาวิทยาลัย,False,True
C00325,ทิพย์,หญิง,25-34,B02,2025-06-10,083-xxx-9820,สีลม,False,True
C00326,ชนา,ชาย,25-34,B04,2026-01-26,085-xxx-4645,บางนา,False,True
C00327,อัญชลี,หญิง,18-24,B01,2026-06-27,081-xxx-2014,สยาม,False,True
C00328,วีระ,หญิง,18-24,B03,2026-01-01,087-xxx-8172,อารีย์,False,True
C00329,เกศ,ชาย,18-24,B05,2026-04-22,089-xxx-1948,มหาวิทยาลัย,False,False
C00330,อรุณ,ชาย,18-24,B04,2026-05-21,081-xxx-1194,บางนา,False,True
C00331,วีระ,หญิง,35-44,B05,2026-08-18,083-xxx-3531,มหาวิทยาลัย,False,True
C00332,ภูมิ,ชาย,25-34,B01,2025-11-16,084-xxx-8327,สยาม,False,False
C00333,วีระ,หญิง,18-24,B02,2025-05-15,085-xxx-9766,สีลม,True,True
C00334,ชนา,ชาย,18-24,B05,2025-06-11,089-xxx-9015,มหาวิทยาลัย,False,True
C00335,สมชาย,ชาย,25-34,B02,2026-03-08,081-xxx-4062,สีลม,False,True
C00336,อัญชลี,หญิง,35-44,B05,2026-05-15,089-xxx-5598,มหาวิทยาลัย,False,True
C00337,ศิริ,ชาย,18-24,B01,2025-12-01,086-xxx-3485,สยาม,False,True
C00338,กมล,หญิง,25-34,B03,2026-07-19,082-xxx-2116,อารีย์,False,True
C00339,ชนา,ไม่ระบุ,25-34,B03,2025-11-06,086-xxx-2493,อารีย์,False,True
C00340,กมล,ชาย,35-44,B02,2025-05-10,089-xxx-7697,สีลม,False,True
C00341,ธีร,ชาย,18-24,B04,2026-03-31,086-xxx-7324,บางนา,False,True
C00342,ปวีณ,ชาย,25-34,B01,2025-08-26,087-xxx-5937,สยาม,False,True
C00343,กมล,หญิง,25-34,B01,2026-02-09,086-xxx-5837,สยาม,False,False
C00344,สมชาย,ชาย,25-34,B04,2026-04-15,084-xxx-5723,บางนา,False,True
C00345,ณัฐ,ชาย,35-44,B01,2025-12-24,083-xxx-7360,สยาม,False,True
C00346,สุดา,หญิง,25-34,B02,2026-06-01,082-xxx-9370,สีลม,False,True
C00347,เกศ,หญิง,25-34,B04,2026-01-23,087-xxx-5102,บางนา,False,True
C00348,ปวีณ,หญิง,25-34,B05,2025-06-15,087-xxx-9336,มหาวิทยาลัย,False,True
C00349,รัตนา,หญิง,45-54,B04,2026-04-10,084-xxx-9169,บางนา,False,True
C00350,รัตนา,ชาย,18-24,B02,2026-08-14,084-xxx-4877,สีลม,False,False
C00351,กมล,หญิง,35-44,B05,2026-03-30,089-xxx-4466,มหาวิทยาลัย,False,True
C00352,ปิยะ,ชาย,25-34,B02,2026-08-02,081-xxx-3266,สีลม,False,False
C00353,กิตติ,หญิง,25-34,B05,2025-07-09,081-xxx-1624,มหาวิทยาลัย,False,True
C00354,ชนา,หญิง,35-44,B02,2025-08-11,083-xxx-9742,สีลม,False,True
C00355,วีระ,หญิง,45-54,B02,2025-06-01,088-xxx-4479,สีลม,False,True
C00356,พิม,ชาย,25-34,B03,2026-06-09,086-xxx-8388,อารีย์,False,False
C00357,ภูมิ,หญิง,45-54,B05,2025-11-12,088-xxx-7744,มหาวิทยาลัย,True,True
C00358,กิตติ,หญิง,18-24,B04,2026-05-23,086-xxx-7850,บางนา,False,True
C00359,ปวีณ,หญิง,18-24,B01,2026-07-25,083-xxx-4235,สยาม,False,True
C00360,ชนา,หญิง,25-34,B01,2025-07-08,089-xxx-4318,สยาม,False,True
C00361,ชนา,ชาย,25-34,B04,2026-02-24,085-xxx-7482,บางนา,False,True
C00362,พิม,หญิง,18-24,B01,2026-04-19,085-xxx-8106,สยาม,False,True
C00363,ธนา,ชาย,45-54,B01,2026-07-20,089-xxx-4239,สยาม,False,True
C00364,ธีร,ชาย,45-54,B02,2026-08-10,089-xxx-7679,สีลม,False,False
C00365,ชนา,ชาย,25-34,B05,2025-07-19,081-xxx-4867,มหาวิทยาลัย,False,False
C00366,ธีร,หญิง,25-34,B02,2026-02-03,087-xxx-9815,สีลม,False,True
C00367,ธนา,ชาย,18-24,B02,2025-04-11,082-xxx-9419,สีลม,False,True
C00368,ณัฐ,หญิง,45-54,B04,2026-04-19,083-xxx-4198,บางนา,False,True
C00369,กมล,ไม่ระบุ,55+,B05,2025-07-30,087-xxx-2954,มหาวิทยาลัย,False,True
C00370,วรรณ,หญิง,35-44,B05,2025-09-06,085-xxx-7093,มหาวิทยาลัย,True,False
C00371,ธนา,หญิง,25-34,B04,2025-12-19,088-xxx-6575,บางนา,False,True
C00372,ภูมิ,หญิง,18-24,B05,2026-04-28,083-xxx-2574,มหาวิทยาลัย,False,True
C00373,กมล,ชาย,25-34,B01,2025-12-16,083-xxx-1139,สยาม,False,True
C00374,กมล,หญิง,18-24,B02,2025-04-09,082-xxx-4357,สีลม,True,True
C00375,สมชาย,ไม่ระบุ,45-54,B03,2025-12-08,089-xxx-6275,อารีย์,False,True
C00376,อัญชลี,หญิง,18-24,B01,2025-06-10,089-xxx-8585,สยาม,False,True
C00377,วีระ,ชาย,ต่ำกว่า 18,B03,2026-08-31,086-xxx-4689,อารีย์,False,True
C00378,สุดา,หญิง,ต่ำกว่า 18,B05,2025-07-22,088-xxx-3667,มหาวิทยาลัย,False,True
C00379,กิตติ,หญิง,25-34,B03,2026-08-03,083-xxx-1871,อารีย์,False,False
C00380,จิรา,ชาย,25-34,B01,2025-11-28,085-xxx-4407,สยาม,False,True
C00381,ภัทร,หญิง,25-34,B04,2025-10-16,087-xxx-8602,บางนา,False,True
C00382,รัตนา,หญิง,25-34,B03,2026-05-31,089-xxx-8935,อารีย์,False,False
C00383,รัตนา,หญิง,18-24,B03,2026-03-16,083-xxx-5744,อารีย์,False,True
C00384,ทิพย์,หญิง,25-34,B04,2025-05-26,081-xxx-4275,บางนา,False,True
C00385,ภัทร,หญิง,18-24,B01,2026-03-25,089-xxx-9399,สยาม,False,True
C00386,ณัฐ,หญิง,45-54,B01,2025-12-10,083-xxx-1543,สยาม,False,True
C00387,นภัส,หญิง,45-54,B04,2026-08-26,087-xxx-6392,บางนา,False,True
C00388,กิตติ,ชาย,25-34,B02,2026-03-06,087-xxx-2438,สีลม,False,False
C00389,ภัทร,ชาย,35-44,B03,2026-05-25,083-xxx-5681,อารีย์,False,True
C00390,อรุณ,หญิง,18-24,B05,2025-12-04,083-xxx-8365,มหาวิทยาลัย,False,True
C00391,ภัทร,ชาย,18-24,B01,2025-09-20,087-xxx-7331,สยาม,False,True
C00392,จิรา,หญิง,18-24,B05,2026-03-01,087-xxx-6327,มหาวิทยาลัย,False,False
C00393,ธีร,ชาย,25-34,B04,2025-11-07,083-xxx-7210,บางนา,False,True
C00394,สมชาย,หญิง,18-24,B05,2026-05-31,089-xxx-6300,มหาวิทยาลัย,False,False
C00395,กมล,ชาย,45-54,B01,2025-10-21,087-xxx-6345,สยาม,False,True
C00396,สมชาย,ชาย,35-44,B01,2025-06-12,087-xxx-9103,สยาม,False,True
C00397,สุดา,หญิง,55+,B02,2025-09-20,089-xxx-7239,สีลม,False,True
C00398,ปิยะ,ชาย,55+,B05,2026-07-11,087-xxx-1169,มหาวิทยาลัย,False,True
C00399,สมชาย,ชาย,25-34,B01,2026-08-08,085-xxx-3385,สยาม,False,True
C00400,ชนา,ชาย,35-44,B01,2026-06-15,082-xxx-8324,สยาม,False,True
C00401,นภัส,หญิง,35-44,B01,2025-11-29,084-xxx-9238,สยาม,False,True
C00402,ภูมิ,หญิง,18-24,B02,2025-07-20,086-xxx-5716,สีลม,False,True
C00403,สุดา,หญิง,25-34,B01,2026-04-28,086-xxx-4277,สยาม,False,True
C00404,ณัฐ,หญิง,18-24,B04,2025-12-15,089-xxx-7046,บางนา,False,True
C00405,เกศ,หญิง,18-24,B03,2026-03-17,089-xxx-1341,อารีย์,False,True
C00406,ทิพย์,ชาย,35-44,B02,2026-02-01,086-xxx-1175,สีลม,False,True
C00407,ธีร,หญิง,25-34,B01,2025-12-25,084-xxx-1008,สยาม,False,True
C00408,ธนา,ชาย,25-34,B01,2026-03-09,084-xxx-9777,สยาม,False,False
C00409,ภูมิ,หญิง,25-34,B02,2025-09-04,083-xxx-6951,สีลม,False,True
C00410,ทิพย์,ชาย,18-24,B01,2025-11-22,088-xxx-1198,สยาม,True,False
C00411,กิตติ,หญิง,25-34,B02,2025-06-12,087-xxx-5549,สีลม,False,True
C00412,ภูมิ,ชาย,25-34,B03,2026-01-26,082-xxx-9619,อารีย์,False,True
C00413,เกศ,ชาย,18-24,B03,2026-02-06,083-xxx-1220,อารีย์,False,True
C00414,กมล,ชาย,45-54,B04,2026-08-23,083-xxx-8755,บางนา,False,True
C00415,ภูมิ,หญิง,45-54,B03,2026-02-12,089-xxx-5134,อารีย์,False,True
C00416,ธีร,หญิง,25-34,B04,2025-09-07,082-xxx-7778,บางนา,False,True
C00417,กิตติ,ชาย,18-24,B04,2026-08-07,085-xxx-6767,บางนา,False,False
C00418,วีระ,ชาย,18-24,B01,2025-08-21,086-xxx-4077,สยาม,False,True
C00419,ธนา,หญิง,25-34,B01,2026-05-13,088-xxx-3936,สยาม,False,True
C00420,อัญชลี,ชาย,35-44,B03,2026-04-11,085-xxx-2818,อารีย์,False,True
C00421,กิตติ,หญิง,18-24,B01,2025-12-10,089-xxx-1597,สยาม,False,True
C00422,อรุณ,หญิง,55+,B01,2026-03-04,086-xxx-5957,สยาม,False,True
C00423,อัญชลี,ชาย,25-34,B01,2026-01-25,083-xxx-1340,สยาม,False,False
C00424,ณัฐ,ชาย,45-54,B04,2026-05-14,084-xxx-4093,บางนา,False,True
C00425,เกศ,หญิง,45-54,B02,2026-09-09,086-xxx-2382,สีลม,False,False
C00426,กมล,หญิง,35-44,B01,2026-04-20,089-xxx-9811,สยาม,False,False
C00427,ปวีณ,หญิง,18-24,B03,2025-12-20,085-xxx-6451,อารีย์,False,True
C00428,ภัทร,หญิง,35-44,B02,2025-10-23,082-xxx-2832,สีลม,False,True
C00429,กมล,ชาย,25-34,B02,2025-12-20,088-xxx-1071,สีลม,False,True
C00430,กมล,ชาย,25-34,B04,2025-07-22,089-xxx-4082,บางนา,False,True
C00431,ณัฐ,ชาย,25-34,B03,2026-05-09,084-xxx-5191,อารีย์,False,True
C00432,ศิริ,หญิง,ต่ำกว่า 18,B01,2025-06-16,084-xxx-5671,สยาม,False,False
C00433,ปิยะ,หญิง,25-34,B02,2025-06-12,089-xxx-4784,สีลม,False,True
C00434,สุดา,ชาย,18-24,B02,2026-01-20,086-xxx-6363,สีลม,False,True
C00435,ภัทร,หญิง,45-54,B05,2025-08-08,082-xxx-7622,มหาวิทยาลัย,False,True
C00436,รัตนา,หญิง,18-24,B01,2025-05-04,087-xxx-4523,สยาม,False,True
C00437,รัตนา,ชาย,ต่ำกว่า 18,B03,2026-02-13,089-xxx-2820,อารีย์,False,True
C00438,ภูมิ,หญิง,25-34,B01,2026-06-30,084-xxx-6767,สยาม,False,True
C00439,ธนา,หญิง,35-44,B05,2025-08-08,088-xxx-6502,มหาวิทยาลัย,False,True
C00440,ธีร,หญิง,55+,B01,2026-06-25,084-xxx-4794,สยาม,False,False
C00441,วีระ,ชาย,25-34,B05,2025-12-18,082-xxx-4288,มหาวิทยาลัย,False,True
C00442,ศิริ,หญิง,25-34,B04,2026-07-25,082-xxx-3737,บางนา,False,False
C00443,สุดา,ชาย,18-24,B05,2025-06-14,083-xxx-6886,มหาวิทยาลัย,False,False
C00444,ธีร,หญิง,55+,B02,2026-04-14,087-xxx-3681,สีลม,False,True
C00445,นภัส,หญิง,18-24,B02,2026-08-18,085-xxx-8166,สีลม,False,False
C00446,นภัส,หญิง,ต่ำกว่า 18,B05,2025-12-05,086-xxx-9729,มหาวิทยาลัย,False,True
C00447,วรรณ,ชาย,ต่ำกว่า 18,B02,2025-04-18,081-xxx-1871,สีลม,False,True
C00448,ธีร,หญิง,35-44,B01,2026-01-25,083-xxx-1117,สยาม,False,True
C00449,สมชาย,ชาย,18-24,B04,2026-03-03,085-xxx-8159,บางนา,False,True
C00450,วรรณ,ชาย,45-54,B02,2025-07-23,081-xxx-8627,สีลม,False,True
C00451,ศิริ,ไม่ระบุ,35-44,B02,2026-06-20,085-xxx-5735,สีลม,False,True
C00452,ปวีณ,หญิง,35-44,B03,2026-02-04,084-xxx-1989,อารีย์,False,True
C00453,อัญชลี,หญิง,18-24,B02,2026-01-15,088-xxx-5889,สีลม,False,True
C00454,ธนา,ชาย,35-44,B04,2025-09-26,087-xxx-3848,บางนา,False,True
C00455,สมชาย,หญิง,55+,B05,2025-08-25,088-xxx-3623,มหาวิทยาลัย,False,False
C00456,ทิพย์,หญิง,45-54,B05,2026-01-01,085-xxx-3062,มหาวิทยาลัย,False,True
C00457,อัญชลี,ชาย,18-24,B02,2025-04-18,087-xxx-1336,สีลม,False,True
C00458,สมชาย,ชาย,18-24,B04,2026-06-09,089-xxx-2801,บางนา,False,True
C00459,อัญชลี,หญิง,25-34,B02,2026-04-18,085-xxx-4191,สีลม,False,True
C00460,นภัส,หญิง,18-24,B03,2026-08-26,089-xxx-1372,อารีย์,True,True
C00461,ชนา,ชาย,ต่ำกว่า 18,B01,2025-08-22,089-xxx-2675,สยาม,False,True
C00462,ศิริ,ชาย,18-24,B05,2026-05-10,082-xxx-2813,มหาวิทยาลัย,False,True
C00463,วรรณ,ชาย,25-34,B02,2026-04-20,089-xxx-2251,สีลม,False,True
C00464,ธนา,หญิง,35-44,B02,2026-05-14,088-xxx-4527,สีลม,False,True
C00465,ธนา,หญิง,18-24,B05,2025-06-03,085-xxx-7521,มหาวิทยาลัย,False,True
C00466,ชนา,หญิง,18-24,B03,2026-08-14,088-xxx-8686,อารีย์,False,True
C00467,อัญชลี,หญิง,18-24,B04,2026-05-31,088-xxx-5387,บางนา,False,True
C00468,มานพ,ชาย,35-44,B05,2025-10-01,081-xxx-7919,มหาวิทยาลัย,False,False
C00469,ธีร,หญิง,18-24,B01,2025-11-14,089-xxx-4418,สยาม,False,True
C00470,ชนา,หญิง,18-24,B03,2026-04-19,081-xxx-6967,อารีย์,False,True
C00471,กิตติ,หญิง,45-54,B05,2025-12-01,082-xxx-3245,มหาวิทยาลัย,False,True
C00472,ศิริ,ชาย,35-44,B01,2026-08-04,089-xxx-5400,สยาม,False,True
C00473,รัตนา,หญิง,18-24,B03,2026-05-15,087-xxx-6546,อารีย์,False,False
C00474,วีระ,ชาย,18-24,B01,2026-07-01,083-xxx-2994,สยาม,False,True
C00475,พิม,หญิง,55+,B03,2026-07-14,083-xxx-4563,อารีย์,False,True
C00476,ปวีณ,ชาย,18-24,B02,2025-10-20,082-xxx-3846,สีลม,False,True
C00477,อัญชลี,ชาย,35-44,B01,2025-12-13,087-xxx-2865,สยาม,False,True
C00478,ณัฐ,ชาย,25-34,B02,2026-06-08,086-xxx-8843,สีลม,False,False
C00479,รัตนา,หญิง,35-44,B03,2026-08-02,085-xxx-3660,อารีย์,False,True
C00480,ปิยะ,ชาย,25-34,B02,2025-09-21,083-xxx-1657,สีลม,False,True
C00481,ชนา,หญิง,25-34,B01,2026-06-12,087-xxx-6806,สยาม,False,True
C00482,กิตติ,หญิง,18-24,B01,2025-11-28,089-xxx-3019,สยาม,False,True
C00483,รัตนา,หญิง,35-44,B01,2025-10-03,086-xxx-3204,สยาม,False,True
C00484,ปิยะ,หญิง,55+,B04,2026-09-06,088-xxx-9013,บางนา,False,False
C00485,เกศ,หญิง,25-34,B05,2025-05-29,082-xxx-5217,มหาวิทยาลัย,False,False
C00486,กิตติ,ชาย,25-34,B04,2026-08-04,084-xxx-2111,บางนา,False,True
C00487,ณัฐ,หญิง,35-44,B05,2026-04-14,089-xxx-5802,มหาวิทยาลัย,False,True
C00488,สมชาย,หญิง,35-44,B01,2026-09-09,083-xxx-9782,สยาม,False,False
C00489,ธนา,ชาย,35-44,B04,2025-11-25,086-xxx-9366,บางนา,False,True
C00490,รัตนา,หญิง,18-24,B05,2026-02-23,082-xxx-3710,มหาวิทยาลัย,False,True
C00491,วรรณ,ชาย,45-54,B05,2025-04-10,082-xxx-6318,มหาวิทยาลัย,False,True
C00492,มานพ,หญิง,45-54,B01,2025-07-15,088-xxx-4340,สยาม,False,True
C00493,ณัฐ,ชาย,35-44,B01,2025-09-05,081-xxx-8296,สยาม,False,True
C00494,วรรณ,ชาย,ต่ำกว่า 18,B02,2025-11-08,083-xxx-7109,สีลม,False,True
C00495,สมชาย,ชาย,25-34,B01,2026-08-12,081-xxx-3446,สยาม,False,True
C00496,ปิยะ,ชาย,25-34,B05,2026-07-01,084-xxx-2732,มหาวิทยาลัย,False,False
C00497,ศิริ,ชาย,45-54,B01,2026-05-07,089-xxx-9732,สยาม,False,False
C00498,เกศ,หญิง,25-34,B03,2026-01-12,086-xxx-4388,อารีย์,False,True
C00499,นภัส,หญิง,25-34,B05,2026-07-12,085-xxx-6791,มหาวิทยาลัย,False,True
C00500,ทิพย์,หญิง,25-34,B05,2025-06-30,087-xxx-9172,มหาวิทยาลัย,False,True
C00501,สุดา,ชาย,18-24,B03,2025-12-24,088-xxx-3737,อารีย์,False,True
C00502,วรรณ,หญิง,55+,B02,2026-03-29,083-xxx-6782,สีลม,False,True
C00503,อัญชลี,ชาย,35-44,B03,2025-11-15,083-xxx-4392,อารีย์,False,True
C00504,ชนา,หญิง,35-44,B01,2025-08-10,088-xxx-7000,สยาม,False,True
C00505,กิตติ,หญิง,25-34,B01,2026-04-21,085-xxx-4896,สยาม,False,True
C00506,อรุณ,หญิง,18-24,B04,2025-04-15,082-xxx-4032,บางนา,False,True
C00507,สุดา,หญิง,35-44,B01,2026-07-28,081-xxx-9347,สยาม,False,False
C00508,สุดา,หญิง,18-24,B01,2025-05-31,089-xxx-5264,สยาม,False,True
C00509,จิรา,หญิง,18-24,B05,2025-06-02,083-xxx-7329,มหาวิทยาลัย,False,True
C00510,รัตนา,ชาย,25-34,B01,2026-08-27,087-xxx-4099,สยาม,False,False
C00511,จิรา,หญิง,25-34,B04,2025-07-28,088-xxx-4301,บางนา,False,True
C00512,อัญชลี,หญิง,25-34,B01,2025-10-14,082-xxx-9667,สยาม,False,True
C00513,มานพ,ไม่ระบุ,45-54,B03,2026-05-30,085-xxx-7377,อารีย์,False,True
C00514,สมชาย,หญิง,25-34,B01,2025-09-24,088-xxx-7817,สยาม,False,True
C00515,วีระ,หญิง,35-44,B03,2026-02-19,083-xxx-6648,อารีย์,False,True
C00516,ภูมิ,ไม่ระบุ,25-34,B03,2026-05-08,089-xxx-7748,อารีย์,False,True
C00517,อรุณ,หญิง,35-44,B05,2026-04-04,088-xxx-6655,มหาวิทยาลัย,False,True
C00518,ปวีณ,ชาย,25-34,B01,2026-02-22,082-xxx-8104,สยาม,False,False
C00519,รัตนา,หญิง,25-34,B04,2026-01-15,088-xxx-5701,บางนา,False,True
C00520,ธีร,หญิง,25-34,B04,2026-09-13,088-xxx-7575,บางนา,False,False
C00521,ศิริ,ชาย,25-34,B04,2025-12-01,087-xxx-5977,บางนา,False,True
C00522,มานพ,ชาย,25-34,B05,2025-09-17,087-xxx-7582,มหาวิทยาลัย,False,True
C00523,ธนา,ชาย,35-44,B04,2026-07-24,084-xxx-6046,บางนา,False,True
C00524,สุดา,ชาย,18-24,B03,2026-05-11,085-xxx-3564,อารีย์,False,True
C00525,ปิยะ,หญิง,25-34,B01,2025-04-09,086-xxx-9142,สยาม,False,True
C00526,ทิพย์,ชาย,35-44,B03,2026-02-05,083-xxx-2183,อารีย์,False,True
C00527,ธีร,ชาย,25-34,B05,2025-07-30,082-xxx-6292,มหาวิทยาลัย,False,True
C00528,ณัฐ,ไม่ระบุ,25-34,B05,2026-09-09,083-xxx-4068,มหาวิทยาลัย,False,False
C00529,รัตนา,หญิง,55+,B02,2025-11-25,089-xxx-3223,สีลม,False,True
C00530,ปวีณ,ชาย,25-34,B04,2026-01-22,087-xxx-9352,บางนา,False,True
C00531,พิม,ชาย,45-54,B05,2026-08-01,088-xxx-9344,มหาวิทยาลัย,False,False
C00532,ภูมิ,ชาย,ต่ำกว่า 18,B05,2025-09-05,083-xxx-9904,มหาวิทยาลัย,False,True
C00533,สุดา,หญิง,35-44,B01,2025-05-16,089-xxx-5726,สยาม,False,True
C00534,อัญชลี,ไม่ระบุ,35-44,B01,2026-09-10,088-xxx-6345,สยาม,False,False
C00535,เกศ,ชาย,25-34,B04,2026-03-26,081-xxx-4530,บางนา,False,False
C00536,ชนา,หญิง,18-24,B05,2026-04-04,083-xxx-5280,มหาวิทยาลัย,False,True
C00537,ศิริ,หญิง,18-24,B01,2026-09-07,086-xxx-4706,สยาม,False,False
C00538,ทิพย์,หญิง,25-34,B03,2026-05-23,082-xxx-6699,อารีย์,False,True
C00539,เกศ,ชาย,ต่ำกว่า 18,B05,2025-04-01,083-xxx-5549,มหาวิทยาลัย,True,True
C00540,กมล,ชาย,25-34,B03,2026-04-26,082-xxx-2148,อารีย์,False,False
C00541,ธนา,ชาย,25-34,B01,2025-05-29,081-xxx-2484,สยาม,False,True
C00542,อัญชลี,ชาย,55+,B02,2026-06-13,088-xxx-1649,สีลม,True,True
C00543,อรุณ,ชาย,55+,B01,2026-08-26,089-xxx-5516,สยาม,False,True
C00544,ทิพย์,หญิง,25-34,B05,2026-08-21,082-xxx-3106,มหาวิทยาลัย,False,True
C00545,วีระ,ชาย,45-54,B02,2026-08-08,086-xxx-5363,สีลม,False,False
C00546,ภูมิ,หญิง,25-34,B04,2026-03-08,089-xxx-3795,บางนา,False,True
C00547,วีระ,หญิง,25-34,B01,2026-03-15,089-xxx-8178,สยาม,False,True
C00548,ณัฐ,หญิง,25-34,B04,2026-09-11,085-xxx-8709,บางนา,False,False
C00549,นภัส,หญิง,35-44,B02,2026-03-22,089-xxx-1506,สีลม,False,True
C00550,นภัส,ชาย,18-24,B04,2026-08-24,089-xxx-8990,บางนา,False,True
C00551,อัญชลี,ชาย,18-24,B02,2026-04-12,086-xxx-4040,สีลม,False,True
C00552,ปิยะ,หญิง,35-44,B05,2025-06-29,088-xxx-5367,มหาวิทยาลัย,False,True
C00553,รัตนา,หญิง,35-44,B04,2026-05-01,088-xxx-1968,บางนา,False,True
C00554,สมชาย,ชาย,18-24,B01,2026-05-12,089-xxx-1499,สยาม,False,False
C00555,ปวีณ,ชาย,55+,B04,2026-06-11,086-xxx-8450,บางนา,False,True
C00556,ปิยะ,ชาย,35-44,B02,2026-07-26,085-xxx-4564,สีลม,False,False
C00557,กมล,ชาย,18-24,B01,2026-08-25,085-xxx-2401,สยาม,False,False
C00558,พิม,หญิง,35-44,B03,2025-12-07,083-xxx-8056,อารีย์,False,True
C00559,ศิริ,หญิง,18-24,B02,2026-01-19,087-xxx-6285,สีลม,False,True
C00560,เกศ,หญิง,35-44,B02,2025-07-12,082-xxx-7957,สีลม,False,True
C00561,นภัส,ชาย,18-24,B01,2025-12-05,085-xxx-5290,สยาม,False,True
C00562,กิตติ,หญิง,18-24,B05,2025-06-30,085-xxx-4606,มหาวิทยาลัย,False,True
C00563,อัญชลี,หญิง,25-34,B01,2025-08-06,081-xxx-8122,สยาม,False,True
C00564,ชนา,ชาย,25-34,B01,2026-01-08,082-xxx-6026,สยาม,False,True
C00565,ภูมิ,หญิง,25-34,B03,2026-07-24,083-xxx-6183,อารีย์,False,True
C00566,ณัฐ,หญิง,25-34,B01,2025-05-14,088-xxx-3694,สยาม,False,True
C00567,เกศ,ไม่ระบุ,35-44,B04,2026-06-08,081-xxx-5459,บางนา,False,True
C00568,วีระ,ชาย,25-34,B02,2025-07-08,086-xxx-4653,สีลม,False,True
C00569,สมชาย,ชาย,25-34,B02,2025-04-12,084-xxx-4298,สีลม,False,True
C00570,อรุณ,ชาย,35-44,B01,2025-08-19,084-xxx-9686,สยาม,False,True
C00571,ปวีณ,ชาย,35-44,B05,2025-08-09,085-xxx-7634,มหาวิทยาลัย,False,True
C00572,ภูมิ,ชาย,55+,B05,2026-05-04,088-xxx-3772,มหาวิทยาลัย,False,False
C00573,ภูมิ,ชาย,18-24,B01,2026-08-14,085-xxx-9243,สยาม,False,False
C00574,อัญชลี,ชาย,55+,B05,2025-07-23,082-xxx-8051,มหาวิทยาลัย,False,True
C00575,ภูมิ,หญิง,18-24,B05,2026-06-16,084-xxx-1684,มหาวิทยาลัย,False,True
C00576,สุดา,หญิง,18-24,B01,2026-08-06,088-xxx-9640,สยาม,False,False
C00577,ศิริ,หญิง,35-44,B05,2026-04-17,086-xxx-7625,มหาวิทยาลัย,False,True
C00578,นภัส,หญิง,18-24,B04,2025-05-27,083-xxx-8844,บางนา,True,True
C00579,อรุณ,หญิง,35-44,B02,2026-06-13,082-xxx-9979,สีลม,False,True
C00580,เกศ,ชาย,25-34,B02,2026-03-05,084-xxx-5105,สีลม,False,True
C00581,รัตนา,ชาย,55+,B04,2025-07-01,083-xxx-8493,บางนา,False,True
C00582,ธนา,หญิง,35-44,B01,2025-12-14,084-xxx-4364,สยาม,False,True
C00583,ภัทร,หญิง,25-34,B02,2025-08-27,084-xxx-6591,สีลม,False,True
C00584,รัตนา,ชาย,35-44,B03,2025-12-17,082-xxx-9998,อารีย์,False,True
C00585,มานพ,หญิง,18-24,B01,2026-09-11,086-xxx-9431,สยาม,False,False
C00586,ธีร,ชาย,25-34,B05,2025-09-24,088-xxx-4308,มหาวิทยาลัย,False,True
C00587,สุดา,หญิง,35-44,B01,2025-10-01,086-xxx-3788,สยาม,False,True
C00588,อัญชลี,ชาย,25-34,B01,2026-04-06,083-xxx-9099,สยาม,False,True
C00589,ปวีณ,หญิง,25-34,B05,2025-07-23,088-xxx-9195,มหาวิทยาลัย,False,True
C00590,เกศ,หญิง,18-24,B01,2026-02-01,089-xxx-3588,สยาม,False,True
C00591,ปิยะ,หญิง,25-34,B05,2025-04-12,089-xxx-1959,มหาวิทยาลัย,False,True
C00592,ธนา,ชาย,35-44,B03,2026-01-22,088-xxx-3249,อารีย์,False,True
C00593,ปวีณ,ไม่ระบุ,35-44,B03,2026-06-16,081-xxx-5105,อารีย์,False,False
C00594,กิตติ,หญิง,18-24,B03,2026-04-07,081-xxx-1712,อารีย์,False,True
C00595,อัญชลี,หญิง,25-34,B05,2025-04-07,089-xxx-8040,มหาวิทยาลัย,False,False
C00596,ศิริ,หญิง,25-34,B05,2025-06-15,089-xxx-7786,มหาวิทยาลัย,False,True
C00597,ปวีณ,ชาย,25-34,B03,2026-04-29,082-xxx-4643,อารีย์,False,True
C00598,ธนา,หญิง,55+,B05,2025-06-22,089-xxx-5729,มหาวิทยาลัย,False,True
C00599,กมล,ชาย,35-44,B05,2025-12-16,084-xxx-6893,มหาวิทยาลัย,False,False
C00600,ปิยะ,หญิง,18-24,B05,2025-09-15,087-xxx-1266,มหาวิทยาลัย,False,True
C00601,สมชาย,หญิง,35-44,B03,2026-08-24,086-xxx-3488,อารีย์,False,True
C00602,ทิพย์,ชาย,18-24,B01,2025-08-15,087-xxx-5021,สยาม,False,True
C00603,รัตนา,หญิง,25-34,B01,2025-05-11,082-xxx-1164,สยาม,False,True
C00604,ธนา,หญิง,25-34,B02,2025-09-28,082-xxx-1687,สีลม,True,True
C00605,สุดา,ชาย,25-34,B01,2026-04-24,085-xxx-9347,สยาม,False,True
C00606,พิม,หญิง,25-34,B03,2026-06-27,083-xxx-9895,อารีย์,False,False
C00607,สุดา,ชาย,25-34,B01,2025-06-24,086-xxx-7140,สยาม,False,True
C00608,ภูมิ,หญิง,18-24,B02,2025-04-11,083-xxx-7987,สีลม,False,True
C00609,อรุณ,ชาย,18-24,B01,2026-07-10,086-xxx-2954,สยาม,False,True
C00610,อัญชลี,ชาย,25-34,B02,2026-03-12,089-xxx-8142,สีลม,False,True
C00611,ศิริ,ชาย,25-34,B02,2025-12-02,088-xxx-1843,สีลม,False,True
C00612,ภัทร,หญิง,45-54,B03,2025-12-04,082-xxx-6279,อารีย์,False,True
C00613,ภัทร,ชาย,ต่ำกว่า 18,B01,2025-05-14,088-xxx-4127,สยาม,False,True
C00614,วรรณ,ชาย,45-54,B05,2026-09-08,086-xxx-9110,มหาวิทยาลัย,False,False
C00615,ศิริ,ชาย,18-24,B02,2025-10-21,081-xxx-8619,สีลม,True,True
C00616,กมล,ชาย,35-44,B01,2025-05-22,083-xxx-5383,สยาม,False,True
C00617,กิตติ,หญิง,25-34,B02,2025-07-30,085-xxx-5075,สีลม,False,False
C00618,มานพ,ชาย,55+,B01,2026-02-04,086-xxx-6223,สยาม,False,False
C00619,กมล,หญิง,18-24,B03,2026-08-26,089-xxx-6564,อารีย์,False,False
C00620,เกศ,หญิง,18-24,B01,2026-05-10,083-xxx-2638,สยาม,False,False
C00621,พิม,ชาย,25-34,B05,2026-05-09,083-xxx-2006,มหาวิทยาลัย,False,False
C00622,นภัส,ชาย,35-44,B01,2025-05-07,089-xxx-6631,สยาม,False,True
C00623,ชนา,ชาย,35-44,B03,2025-11-08,088-xxx-3800,อารีย์,False,True
C00624,ภัทร,หญิง,45-54,B02,2025-09-25,088-xxx-6445,สีลม,False,True
C00625,ภูมิ,ชาย,35-44,B02,2025-12-02,087-xxx-5843,สีลม,False,True
C00626,รัตนา,ชาย,55+,B05,2026-01-15,088-xxx-2586,มหาวิทยาลัย,False,True
C00627,กมล,หญิง,ต่ำกว่า 18,B01,2026-05-10,085-xxx-5234,สยาม,False,True
C00628,สุดา,ชาย,25-34,B05,2026-06-19,081-xxx-8836,มหาวิทยาลัย,False,True
C00629,มานพ,ไม่ระบุ,18-24,B02,2025-05-16,089-xxx-1440,สีลม,False,True
C00630,มานพ,หญิง,35-44,B04,2025-11-17,085-xxx-7974,บางนา,False,True
C00631,กมล,หญิง,25-34,B01,2026-08-13,082-xxx-3651,สยาม,False,False
C00632,อัญชลี,ชาย,25-34,B04,2025-08-05,082-xxx-7987,บางนา,False,True
C00633,ปิยะ,ชาย,18-24,B04,2026-02-12,086-xxx-4447,บางนา,False,True
C00634,วรรณ,ชาย,45-54,B02,2026-04-13,089-xxx-6088,สีลม,False,True
C00635,สุดา,ไม่ระบุ,25-34,B05,2026-09-13,083-xxx-3606,มหาวิทยาลัย,False,False
C00636,สมชาย,ชาย,ต่ำกว่า 18,B04,2025-04-16,083-xxx-9085,บางนา,False,True
C00637,จิรา,ชาย,18-24,B05,2025-12-15,086-xxx-1988,มหาวิทยาลัย,False,True
C00638,วีระ,ชาย,25-34,B01,2026-04-18,081-xxx-5078,สยาม,False,True
C00639,สุดา,หญิง,25-34,B04,2025-11-28,086-xxx-5852,บางนา,False,True
C00640,พิม,หญิง,35-44,B03,2025-12-20,081-xxx-3544,อารีย์,False,True
C00641,พิม,ชาย,18-24,B02,2026-08-08,088-xxx-4523,สีลม,False,False
C00642,พิม,หญิง,18-24,B01,2025-12-12,087-xxx-9563,สยาม,False,True
C00643,มานพ,หญิง,25-34,B01,2025-11-15,087-xxx-5616,สยาม,False,True
C00644,ภูมิ,หญิง,18-24,B05,2025-10-21,089-xxx-8341,มหาวิทยาลัย,False,True
C00645,ชนา,หญิง,35-44,B01,2025-11-05,082-xxx-9100,สยาม,False,True
C00646,สมชาย,ชาย,45-54,B01,2025-09-21,089-xxx-5388,สยาม,False,True
C00647,วรรณ,ชาย,25-34,B01,2025-09-23,081-xxx-8345,สยาม,False,True
C00648,ปวีณ,หญิง,18-24,B02,2026-02-01,083-xxx-1412,สีลม,False,True
C00649,กิตติ,ชาย,45-54,B01,2025-05-19,081-xxx-9550,สยาม,False,True
C00650,ธีร,หญิง,55+,B01,2025-12-09,082-xxx-5002,สยาม,False,True
C00651,ปิยะ,ชาย,25-34,B01,2026-03-12,089-xxx-2928,สยาม,False,True
C00652,อัญชลี,ชาย,35-44,B03,2026-08-01,086-xxx-1877,อารีย์,False,True
C00653,กิตติ,หญิง,18-24,B05,2026-08-10,089-xxx-4416,มหาวิทยาลัย,False,True
C00654,กิตติ,หญิง,35-44,B05,2026-03-24,087-xxx-5783,มหาวิทยาลัย,False,False
C00655,เกศ,ชาย,18-24,B01,2026-03-06,089-xxx-8562,สยาม,False,True
C00656,สมชาย,หญิง,35-44,B03,2026-03-20,087-xxx-6778,อารีย์,True,True
C00657,มานพ,ชาย,18-24,B04,2025-04-21,085-xxx-3479,บางนา,False,True
C00658,นภัส,ชาย,25-34,B01,2025-05-06,085-xxx-9699,สยาม,False,True
C00659,กิตติ,ชาย,25-34,B05,2025-10-30,087-xxx-5199,มหาวิทยาลัย,False,True
C00660,ปวีณ,ชาย,45-54,B05,2025-04-13,085-xxx-8453,มหาวิทยาลัย,False,True
C00661,อรุณ,หญิง,25-34,B02,2026-02-28,089-xxx-8849,สีลม,False,True
C00662,จิรา,ชาย,25-34,B05,2025-05-26,086-xxx-1068,มหาวิทยาลัย,False,True
C00663,วรรณ,หญิง,18-24,B03,2026-07-25,086-xxx-2599,อารีย์,False,False
C00664,ทิพย์,หญิง,25-34,B02,2026-06-23,089-xxx-6114,สีลม,False,True
C00665,สุดา,ไม่ระบุ,25-34,B01,2025-07-05,081-xxx-4719,สยาม,False,True
C00666,สุดา,หญิง,25-34,B04,2025-08-22,089-xxx-1638,บางนา,False,True
C00667,ธีร,หญิง,25-34,B02,2026-01-29,082-xxx-4177,สีลม,False,True
C00668,วีระ,ชาย,55+,B02,2026-01-14,085-xxx-4571,สีลม,False,False
C00669,นภัส,ชาย,18-24,B04,2026-03-22,083-xxx-7778,บางนา,False,True
C00670,อรุณ,หญิง,25-34,B04,2025-12-30,084-xxx-1578,บางนา,False,True
C00671,ศิริ,ไม่ระบุ,ต่ำกว่า 18,B05,2025-12-12,084-xxx-8603,มหาวิทยาลัย,False,True
C00672,จิรา,ชาย,18-24,B02,2025-10-20,082-xxx-9698,สีลม,False,True
C00673,เกศ,ชาย,18-24,B02,2025-08-01,089-xxx-7917,สีลม,False,False
C00674,วีระ,ชาย,55+,B01,2026-01-23,081-xxx-2349,สยาม,False,True
C00675,สมชาย,หญิง,45-54,B05,2026-04-05,081-xxx-8459,มหาวิทยาลัย,False,False
C00676,เกศ,หญิง,ต่ำกว่า 18,B04,2026-06-13,081-xxx-9504,บางนา,False,True
C00677,ศิริ,หญิง,35-44,B01,2025-12-31,082-xxx-1137,สยาม,False,True
C00678,ธีร,หญิง,18-24,B01,2026-02-27,083-xxx-3403,สยาม,False,True
C00679,ชนา,หญิง,25-34,B02,2026-06-18,086-xxx-1658,สีลม,False,True
C00680,กิตติ,หญิง,25-34,B01,2026-03-21,086-xxx-8667,สยาม,False,True
C00681,กมล,หญิง,35-44,B02,2026-01-20,089-xxx-9137,สีลม,False,False
C00682,กิตติ,หญิง,25-34,B03,2026-08-30,088-xxx-4723,อารีย์,False,True
C00683,ชนา,ชาย,35-44,B02,2025-11-23,088-xxx-2053,สีลม,False,False
C00684,จิรา,ชาย,35-44,B02,2026-02-08,088-xxx-9153,สีลม,False,True
C00685,ชนา,หญิง,45-54,B03,2026-02-13,084-xxx-9947,อารีย์,False,True
C00686,ศิริ,ชาย,35-44,B04,2025-09-10,084-xxx-8555,บางนา,False,True
C00687,อัญชลี,ชาย,35-44,B04,2026-05-29,085-xxx-6248,บางนา,False,True
C00688,รัตนา,หญิง,25-34,B04,2025-04-07,089-xxx-9191,บางนา,False,True
C00689,ชนา,ชาย,25-34,B05,2025-11-02,086-xxx-9155,มหาวิทยาลัย,False,True
C00690,วรรณ,ชาย,18-24,B04,2025-08-23,089-xxx-7673,บางนา,False,True
C00691,กิตติ,หญิง,35-44,B02,2026-04-30,086-xxx-7751,สีลม,False,True
C00692,ศิริ,ชาย,18-24,B05,2026-01-22,086-xxx-1004,มหาวิทยาลัย,False,False
C00693,อัญชลี,ชาย,18-24,B04,2026-08-13,087-xxx-8801,บางนา,False,False
C00694,กมล,หญิง,25-34,B04,2026-07-14,081-xxx-1657,บางนา,False,True
C00695,ชนา,ชาย,25-34,B05,2025-07-19,083-xxx-6284,มหาวิทยาลัย,False,True
C00696,ภูมิ,ชาย,55+,B05,2025-05-17,089-xxx-1657,มหาวิทยาลัย,False,True
C00697,วีระ,ชาย,35-44,B02,2025-11-22,083-xxx-7511,สีลม,False,True
C00698,จิรา,หญิง,25-34,B01,2025-06-19,085-xxx-3460,สยาม,False,True
C00699,รัตนา,ชาย,55+,B04,2026-05-20,084-xxx-6724,บางนา,False,True
C00700,นภัส,ชาย,55+,B05,2025-10-30,087-xxx-4651,มหาวิทยาลัย,False,True
C00701,นภัส,หญิง,25-34,B01,2025-04-01,087-xxx-6012,สยาม,False,True
C00702,ธนา,หญิง,18-24,B02,2025-09-09,083-xxx-5440,สีลม,False,True
C00703,อัญชลี,ชาย,25-34,B01,2025-11-13,086-xxx-7415,สยาม,False,True
C00704,ทิพย์,หญิง,45-54,B03,2026-02-21,081-xxx-7161,อารีย์,False,True
C00705,กิตติ,หญิง,35-44,B05,2026-09-09,084-xxx-9415,มหาวิทยาลัย,False,False
C00706,สมชาย,หญิง,18-24,B01,2025-11-19,082-xxx-7898,สยาม,False,True
C00707,ธีร,หญิง,25-34,B05,2025-09-11,089-xxx-4137,มหาวิทยาลัย,False,True
C00708,กิตติ,ชาย,35-44,B04,2026-03-24,086-xxx-1999,บางนา,False,True
C00709,กมล,หญิง,25-34,B02,2025-12-16,087-xxx-8168,สีลม,False,True
C00710,สมชาย,หญิง,25-34,B05,2025-07-18,089-xxx-5268,มหาวิทยาลัย,False,True
C00711,มานพ,หญิง,55+,B05,2025-07-27,087-xxx-7867,มหาวิทยาลัย,False,True
C00712,สมชาย,ไม่ระบุ,18-24,B05,2026-04-27,087-xxx-2866,มหาวิทยาลัย,False,False
C00713,รัตนา,หญิง,35-44,B04,2025-07-29,086-xxx-4454,บางนา,False,True
C00714,สมชาย,ชาย,45-54,B02,2026-01-12,085-xxx-5323,สีลม,False,True
C00715,อัญชลี,หญิง,25-34,B05,2025-04-10,089-xxx-6193,มหาวิทยาลัย,False,True
C00716,ปิยะ,หญิง,25-34,B04,2025-05-02,081-xxx-4728,บางนา,False,True
C00717,อรุณ,ชาย,25-34,B05,2026-06-08,088-xxx-7498,มหาวิทยาลัย,False,False
C00718,ธีร,ชาย,25-34,B01,2026-07-19,086-xxx-3100,สยาม,False,True
C00719,สุดา,ชาย,35-44,B04,2025-11-26,088-xxx-8917,บางนา,False,True
C00720,รัตนา,หญิง,35-44,B05,2025-10-19,081-xxx-6295,มหาวิทยาลัย,False,True
C00721,กิตติ,ชาย,25-34,B01,2026-03-13,089-xxx-3837,สยาม,False,True
C00722,ณัฐ,ชาย,25-34,B03,2026-06-27,083-xxx-7139,อารีย์,False,True
C00723,นภัส,ชาย,35-44,B01,2025-10-23,081-xxx-8741,สยาม,False,True
C00724,เกศ,ไม่ระบุ,18-24,B01,2026-03-21,083-xxx-3378,สยาม,False,True
C00725,ปวีณ,ชาย,25-34,B02,2025-12-06,084-xxx-2030,สีลม,False,True
C00726,ธนา,ชาย,55+,B04,2025-08-26,082-xxx-7571,บางนา,False,True
C00727,ชนา,ไม่ระบุ,25-34,B03,2025-12-28,081-xxx-6463,อารีย์,False,True
C00728,อัญชลี,ชาย,35-44,B04,2026-04-03,085-xxx-3971,บางนา,False,True
C00729,ทิพย์,ชาย,25-34,B02,2025-04-14,088-xxx-4131,สีลม,False,True
C00730,ชนา,หญิง,18-24,B03,2025-11-22,082-xxx-6736,อารีย์,False,True
C00731,ศิริ,หญิง,25-34,B02,2025-09-08,083-xxx-3274,สีลม,False,True
C00732,กิตติ,ชาย,35-44,B02,2025-07-24,088-xxx-3188,สีลม,False,True
C00733,วีระ,ชาย,25-34,B05,2025-11-17,085-xxx-5146,มหาวิทยาลัย,False,False
C00734,รัตนา,หญิง,35-44,B02,2026-07-25,082-xxx-5194,สีลม,False,False
C00735,ภัทร,หญิง,25-34,B05,2025-10-24,088-xxx-3216,มหาวิทยาลัย,False,True
C00736,ธีร,หญิง,18-24,B04,2025-05-24,082-xxx-8994,บางนา,False,True
C00737,มานพ,หญิง,18-24,B05,2026-06-10,085-xxx-4361,มหาวิทยาลัย,False,True
C00738,มานพ,ชาย,55+,B04,2026-04-12,086-xxx-9098,บางนา,False,True
C00739,กิตติ,ไม่ระบุ,25-34,B05,2025-05-08,083-xxx-7692,มหาวิทยาลัย,False,True
C00740,ธนา,หญิง,35-44,B03,2026-07-30,089-xxx-7545,อารีย์,False,True
C00741,ณัฐ,ชาย,25-34,B02,2026-04-21,081-xxx-8301,สีลม,False,False
C00742,วรรณ,หญิง,25-34,B02,2025-11-28,085-xxx-2673,สีลม,False,True
C00743,รัตนา,ชาย,45-54,B05,2025-04-18,081-xxx-1209,มหาวิทยาลัย,False,True
C00744,กมล,หญิง,18-24,B02,2025-04-27,086-xxx-2790,สีลม,False,True
C00745,สมชาย,ชาย,25-34,B05,2025-11-06,086-xxx-9000,มหาวิทยาลัย,False,False
C00746,ชนา,หญิง,18-24,B05,2026-06-30,082-xxx-4197,มหาวิทยาลัย,False,False
C00747,กิตติ,ชาย,55+,B05,2026-06-26,086-xxx-8364,มหาวิทยาลัย,False,True
C00748,ธนา,หญิง,45-54,B01,2026-04-19,085-xxx-5359,สยาม,False,True
C00749,อรุณ,หญิง,25-34,B05,2026-05-22,085-xxx-9481,มหาวิทยาลัย,False,True
C00750,จิรา,ชาย,18-24,B03,2026-04-25,086-xxx-5664,อารีย์,False,True
C00751,ปิยะ,ชาย,25-34,B03,2026-09-03,087-xxx-1199,อารีย์,False,False
C00752,ชนา,หญิง,45-54,B05,2025-06-28,089-xxx-1458,มหาวิทยาลัย,False,True
C00753,ภัทร,ชาย,35-44,B01,2025-08-01,086-xxx-2116,สยาม,False,True
C00754,รัตนา,หญิง,45-54,B03,2026-06-25,085-xxx-6640,อารีย์,False,True
C00755,สุดา,หญิง,45-54,B03,2026-06-12,088-xxx-6441,อารีย์,False,True
C00756,พิม,หญิง,18-24,B01,2026-05-14,089-xxx-8241,สยาม,False,True
C00757,อัญชลี,ชาย,25-34,B05,2025-05-26,086-xxx-3645,มหาวิทยาลัย,False,True
C00758,ทิพย์,ชาย,18-24,B02,2025-08-01,088-xxx-7705,สีลม,False,True
C00759,อรุณ,ชาย,18-24,B01,2025-04-03,082-xxx-8876,สยาม,False,True
C00760,อัญชลี,ชาย,18-24,B02,2025-05-18,084-xxx-2827,สีลม,False,True
C00761,ธนา,ชาย,55+,B05,2025-08-01,088-xxx-8751,มหาวิทยาลัย,False,True
C00762,กมล,ชาย,45-54,B01,2026-05-24,083-xxx-8661,สยาม,False,True
C00763,ศิริ,หญิง,45-54,B03,2026-05-16,086-xxx-4681,อารีย์,False,True
C00764,กิตติ,ชาย,18-24,B01,2026-07-24,087-xxx-7716,สยาม,False,True
C00765,วรรณ,ชาย,18-24,B01,2025-05-09,081-xxx-9387,สยาม,True,True
C00766,จิรา,หญิง,18-24,B05,2025-12-25,083-xxx-9892,มหาวิทยาลัย,False,False
C00767,อรุณ,หญิง,25-34,B04,2025-09-10,088-xxx-5848,บางนา,False,True
C00768,ภัทร,ชาย,45-54,B04,2025-06-15,084-xxx-4545,บางนา,False,True
C00769,สมชาย,หญิง,25-34,B05,2025-05-11,088-xxx-7744,มหาวิทยาลัย,True,True
C00770,ปวีณ,ชาย,25-34,B04,2026-03-09,085-xxx-8296,บางนา,False,True
C00771,ทิพย์,ชาย,45-54,B01,2025-08-20,086-xxx-7973,สยาม,False,True
C00772,ภูมิ,ชาย,25-34,B03,2026-04-01,083-xxx-5988,อารีย์,False,True
C00773,พิม,ชาย,45-54,B04,2025-11-07,084-xxx-7038,บางนา,False,True
C00774,วีระ,หญิง,55+,B02,2025-12-27,089-xxx-9520,สีลม,False,True
C00775,ธีร,หญิง,25-34,B05,2025-09-13,086-xxx-3293,มหาวิทยาลัย,False,False
C00776,ทิพย์,ชาย,35-44,B05,2025-11-04,088-xxx-1506,มหาวิทยาลัย,False,True
C00777,ปิยะ,ชาย,35-44,B03,2026-04-06,083-xxx-5976,อารีย์,False,True
C00778,สมชาย,ชาย,18-24,B02,2025-05-03,088-xxx-6605,สีลม,False,True
C00779,วีระ,ชาย,25-34,B04,2026-08-24,085-xxx-4916,บางนา,False,False
C00780,อัญชลี,ไม่ระบุ,18-24,B03,2026-03-02,081-xxx-3332,อารีย์,False,True
C00781,ศิริ,ชาย,55+,B01,2025-05-24,086-xxx-1883,สยาม,False,True
C00782,กมล,ชาย,25-34,B03,2026-02-07,083-xxx-4139,อารีย์,False,True
C00783,ธนา,ชาย,25-34,B05,2026-02-04,083-xxx-8369,มหาวิทยาลัย,False,False
C00784,ชนา,หญิง,18-24,B04,2026-05-19,085-xxx-2702,บางนา,False,True
C00785,ธีร,หญิง,45-54,B04,2025-06-26,081-xxx-3642,บางนา,False,True
C00786,ณัฐ,ชาย,25-34,B01,2026-08-07,089-xxx-3897,สยาม,False,False
C00787,ปวีณ,ชาย,18-24,B05,2025-08-21,083-xxx-1020,มหาวิทยาลัย,False,True
C00788,อัญชลี,ไม่ระบุ,25-34,B02,2025-10-13,082-xxx-4084,สีลม,False,True
C00789,เกศ,หญิง,25-34,B01,2025-09-23,083-xxx-9412,สยาม,False,True
C00790,ปิยะ,หญิง,25-34,B04,2026-04-15,089-xxx-1390,บางนา,False,True
C00791,วรรณ,หญิง,25-34,B04,2026-03-16,083-xxx-9243,บางนา,False,True
C00792,มานพ,หญิง,18-24,B01,2025-08-10,086-xxx-5855,สยาม,False,True
C00793,สมชาย,หญิง,18-24,B05,2026-06-24,086-xxx-3403,มหาวิทยาลัย,False,True
C00794,สมชาย,หญิง,18-24,B04,2025-06-06,083-xxx-5536,บางนา,False,True
C00795,กิตติ,ไม่ระบุ,25-34,B02,2025-12-23,082-xxx-5546,สีลม,False,True
C00796,กิตติ,ชาย,35-44,B01,2025-04-21,084-xxx-7158,สยาม,False,True
C00797,สุดา,หญิง,18-24,B01,2025-11-22,082-xxx-6223,สยาม,False,True
C00798,กิตติ,ชาย,25-34,B02,2026-01-04,085-xxx-4666,สีลม,False,True
C00799,ภัทร,หญิง,35-44,B02,2026-04-21,082-xxx-8183,สีลม,False,True
C00800,มานพ,หญิง,18-24,B01,2026-06-30,085-xxx-7442,สยาม,False,True
C00801,ชนา,ชาย,35-44,B03,2026-05-13,086-xxx-8976,อารีย์,False,True
C00802,มานพ,ชาย,18-24,B02,2025-09-09,086-xxx-6319,สีลม,False,True
C00803,กิตติ,ชาย,35-44,B05,2026-01-16,086-xxx-9827,มหาวิทยาลัย,False,True
C00804,ชนา,หญิง,25-34,B05,2026-05-25,082-xxx-5656,มหาวิทยาลัย,False,True
C00805,ณัฐ,หญิง,25-34,B05,2026-01-15,087-xxx-4516,มหาวิทยาลัย,False,True
C00806,รัตนา,หญิง,18-24,B01,2026-04-08,082-xxx-1106,สยาม,False,True
C00807,มานพ,ชาย,45-54,B01,2025-05-17,086-xxx-5781,สยาม,False,True
C00808,ศิริ,ชาย,25-34,B03,2026-05-17,085-xxx-1318,อารีย์,False,True
C00809,ธนา,ชาย,25-34,B02,2025-07-06,088-xxx-5383,สีลม,False,True
C00810,มานพ,ไม่ระบุ,45-54,B04,2026-02-16,084-xxx-8386,บางนา,False,True
C00811,สุดา,หญิง,18-24,B03,2026-08-19,083-xxx-4738,อารีย์,False,True
C00812,ชนา,ชาย,45-54,B03,2026-01-15,087-xxx-5941,อารีย์,False,True
C00813,จิรา,ไม่ระบุ,18-24,B02,2026-06-10,089-xxx-6805,สีลม,False,True
C00814,อรุณ,หญิง,45-54,B01,2026-07-14,086-xxx-2026,สยาม,False,True
C00815,สุดา,หญิง,18-24,B02,2025-05-06,085-xxx-1217,สีลม,False,True
C00816,ชนา,หญิง,45-54,B01,2026-02-24,084-xxx-3384,สยาม,False,True
C00817,ปิยะ,ชาย,ต่ำกว่า 18,B05,2026-03-04,088-xxx-1930,มหาวิทยาลัย,False,True
C00818,เกศ,ชาย,25-34,B01,2026-09-14,083-xxx-1971,สยาม,False,False
C00819,นภัส,หญิง,35-44,B02,2026-02-19,087-xxx-6457,สีลม,False,True
C00820,ภูมิ,ชาย,18-24,B02,2026-03-11,081-xxx-9916,สีลม,False,False
C00821,อรุณ,หญิง,18-24,B01,2026-03-15,087-xxx-4168,สยาม,False,True
C00822,วีระ,ชาย,25-34,B02,2025-06-20,087-xxx-8776,สีลม,False,True
C00823,ณัฐ,หญิง,25-34,B04,2025-06-29,086-xxx-1069,บางนา,False,True
C00824,ธีร,ชาย,18-24,B02,2026-03-08,089-xxx-1372,สีลม,True,True
C00825,พิม,หญิง,18-24,B02,2025-04-03,086-xxx-5796,สีลม,False,True
C00826,เกศ,ชาย,25-34,B05,2025-06-29,084-xxx-2524,มหาวิทยาลัย,False,True
C00827,เกศ,หญิง,25-34,B02,2025-08-06,084-xxx-6169,สีลม,False,True
C00828,รัตนา,ชาย,35-44,B01,2025-11-16,087-xxx-3825,สยาม,False,True
C00829,สมชาย,ชาย,18-24,B03,2026-07-19,085-xxx-6401,อารีย์,False,False
C00830,ปิยะ,หญิง,25-34,B05,2025-11-20,082-xxx-1664,มหาวิทยาลัย,False,True
C00831,สมชาย,ชาย,35-44,B03,2026-07-21,083-xxx-1618,อารีย์,False,True
C00832,อัญชลี,หญิง,25-34,B01,2025-07-03,083-xxx-1360,สยาม,False,True
C00833,ภูมิ,หญิง,35-44,B04,2025-04-10,083-xxx-7933,บางนา,False,True
C00834,มานพ,หญิง,18-24,B03,2026-07-26,084-xxx-5560,อารีย์,False,True
C00835,ภัทร,หญิง,35-44,B01,2025-12-07,085-xxx-7788,สยาม,False,True
C00836,พิม,หญิง,18-24,B04,2025-06-11,083-xxx-9561,บางนา,False,True
C00837,ปิยะ,ชาย,25-34,B04,2026-04-25,082-xxx-7951,บางนา,False,True
C00838,ปิยะ,หญิง,25-34,B05,2026-05-05,087-xxx-6043,มหาวิทยาลัย,False,True
C00839,ภัทร,ชาย,18-24,B02,2026-04-18,085-xxx-4493,สีลม,False,True
C00840,กิตติ,ชาย,18-24,B05,2026-01-03,088-xxx-8466,มหาวิทยาลัย,False,True
C00841,มานพ,ชาย,18-24,B03,2026-07-04,085-xxx-7572,อารีย์,False,False
C00842,กิตติ,หญิง,18-24,B04,2026-04-15,085-xxx-9289,บางนา,False,True
C00843,สมชาย,หญิง,35-44,B05,2026-01-05,085-xxx-2724,มหาวิทยาลัย,False,True
C00844,กิตติ,หญิง,18-24,B05,2025-12-13,088-xxx-8707,มหาวิทยาลัย,False,True
C00845,สุดา,ชาย,25-34,B04,2026-05-15,085-xxx-9166,บางนา,False,True
C00846,ปวีณ,ชาย,45-54,B05,2025-06-18,086-xxx-7021,มหาวิทยาลัย,False,True
C00847,พิม,หญิง,18-24,B01,2025-10-21,087-xxx-1788,สยาม,True,True
C00848,อัญชลี,หญิง,25-34,B02,2026-02-22,082-xxx-7593,สีลม,False,True
C00849,ปวีณ,ชาย,25-34,B03,2026-07-30,088-xxx-3884,อารีย์,False,False
C00850,ชนา,หญิง,ต่ำกว่า 18,B04,2026-02-09,089-xxx-4765,บางนา,False,True
C00851,ปิยะ,ชาย,25-34,B02,2025-08-22,086-xxx-8308,สีลม,False,True
C00852,ปิยะ,ไม่ระบุ,18-24,B05,2025-10-18,085-xxx-2538,มหาวิทยาลัย,False,True
C00853,นภัส,หญิง,55+,B01,2025-05-04,089-xxx-5283,สยาม,False,True
C00854,รัตนา,หญิง,55+,B04,2025-08-03,081-xxx-9625,บางนา,False,True
C00855,กมล,หญิง,25-34,B01,2025-09-06,086-xxx-7827,สยาม,False,True
C00856,ภัทร,ชาย,25-34,B03,2026-01-17,082-xxx-3312,อารีย์,False,True
C00857,อรุณ,ชาย,35-44,B05,2025-07-11,081-xxx-6493,มหาวิทยาลัย,False,True
C00858,ธนา,ชาย,25-34,B02,2025-05-07,086-xxx-1905,สีลม,False,True
C00859,จิรา,หญิง,55+,B03,2026-05-29,081-xxx-1145,อารีย์,False,False
C00860,วรรณ,หญิง,45-54,B05,2025-11-04,087-xxx-1569,มหาวิทยาลัย,False,True
C00861,อรุณ,ชาย,45-54,B04,2026-04-17,087-xxx-4535,บางนา,False,True
C00862,ธีร,ชาย,25-34,B01,2026-07-21,084-xxx-3267,สยาม,True,True
C00863,ปิยะ,หญิง,25-34,B02,2026-05-23,087-xxx-6431,สีลม,False,True
C00864,ปิยะ,ชาย,18-24,B05,2026-02-21,081-xxx-8739,มหาวิทยาลัย,False,False
C00865,ศิริ,ชาย,45-54,B01,2025-11-08,082-xxx-6865,สยาม,False,True
C00866,ปิยะ,หญิง,25-34,B01,2025-04-27,083-xxx-5673,สยาม,False,True
C00867,อรุณ,ชาย,35-44,B05,2025-04-02,089-xxx-9793,มหาวิทยาลัย,False,True
C00868,ชนา,หญิง,18-24,B05,2026-01-10,085-xxx-2119,มหาวิทยาลัย,False,True
C00869,ทิพย์,หญิง,45-54,B02,2025-10-20,089-xxx-6404,สีลม,False,True
C00870,มานพ,หญิง,25-34,B01,2026-09-09,081-xxx-7051,สยาม,False,False
C00871,ศิริ,ชาย,25-34,B01,2026-08-21,087-xxx-9675,สยาม,False,True
C00872,อัญชลี,ชาย,25-34,B04,2026-02-23,087-xxx-7747,บางนา,False,True
C00873,สมชาย,ชาย,ต่ำกว่า 18,B02,2026-08-08,085-xxx-5314,สีลม,False,False
C00874,กิตติ,หญิง,25-34,B01,2025-08-30,086-xxx-3754,สยาม,False,True
C00875,สุดา,ชาย,25-34,B01,2026-03-08,087-xxx-6954,สยาม,False,True
C00876,รัตนา,หญิง,25-34,B02,2025-06-12,082-xxx-3971,สีลม,False,True
C00877,นภัส,หญิง,35-44,B05,2025-09-25,087-xxx-7115,มหาวิทยาลัย,False,True
C00878,อัญชลี,ชาย,25-34,B05,2026-03-21,081-xxx-3996,มหาวิทยาลัย,False,True
C00879,ภัทร,หญิง,18-24,B03,2026-01-04,084-xxx-4991,อารีย์,False,True
C00880,เกศ,หญิง,25-34,B04,2025-06-02,088-xxx-8500,บางนา,False,True
C00881,อัญชลี,หญิง,25-34,B05,2026-06-11,086-xxx-4684,มหาวิทยาลัย,False,True
C00882,อรุณ,ชาย,18-24,B03,2025-12-09,083-xxx-2409,อารีย์,False,True
C00883,ศิริ,ชาย,35-44,B02,2025-10-04,082-xxx-4995,สีลม,False,True
C00884,ภัทร,ชาย,45-54,B01,2025-09-07,081-xxx-6451,สยาม,True,True
C00885,อัญชลี,หญิง,35-44,B01,2026-03-23,083-xxx-2699,สยาม,False,True
C00886,ทิพย์,หญิง,35-44,B01,2025-08-29,085-xxx-4070,สยาม,False,True
C00887,ศิริ,หญิง,25-34,B03,2026-04-26,085-xxx-5150,อารีย์,False,True
C00888,เกศ,หญิง,45-54,B04,2026-08-26,089-xxx-1570,บางนา,False,False
C00889,ศิริ,ชาย,55+,B03,2026-04-10,084-xxx-7978,อารีย์,False,True
C00890,ศิริ,หญิง,25-34,B04,2026-03-20,086-xxx-2110,บางนา,False,True
C00891,สมชาย,หญิง,35-44,B05,2025-10-20,088-xxx-3993,มหาวิทยาลัย,False,True
C00892,วีระ,ชาย,18-24,B04,2025-10-12,086-xxx-8545,บางนา,False,True
C00893,ณัฐ,หญิง,35-44,B05,2025-08-18,085-xxx-2256,มหาวิทยาลัย,False,False
C00894,สมชาย,ชาย,35-44,B03,2026-08-26,083-xxx-4789,อารีย์,False,True
C00895,ณัฐ,ชาย,35-44,B03,2026-06-17,086-xxx-1081,อารีย์,False,False
C00896,ชนา,ชาย,55+,B01,2026-06-23,083-xxx-8971,สยาม,False,True
C00897,ภูมิ,ไม่ระบุ,45-54,B04,2026-03-13,085-xxx-9093,บางนา,False,True
C00898,ปวีณ,ชาย,18-24,B05,2026-08-31,089-xxx-7581,มหาวิทยาลัย,False,False
C00899,ศิริ,ชาย,25-34,B01,2025-09-06,086-xxx-2301,สยาม,False,True
C00900,ชนา,ชาย,25-34,B01,2026-05-04,086-xxx-8185,สยาม,False,True
C00901,อัญชลี,ชาย,18-24,B03,2026-08-17,086-xxx-3438,อารีย์,False,False
C00902,ทิพย์,ชาย,45-54,B05,2025-05-26,089-xxx-9949,มหาวิทยาลัย,False,True
C00903,สุดา,หญิง,55+,B05,2026-02-16,086-xxx-5336,มหาวิทยาลัย,False,True
C00904,ศิริ,หญิง,18-24,B05,2026-01-16,083-xxx-4121,มหาวิทยาลัย,False,True
C00905,จิรา,หญิง,18-24,B01,2026-07-13,088-xxx-9470,สยาม,False,True
C00906,ปวีณ,ชาย,55+,B02,2025-10-30,084-xxx-8359,สีลม,False,True
C00907,ปวีณ,หญิง,25-34,B01,2025-08-19,084-xxx-2204,สยาม,False,True
C00908,ทิพย์,ชาย,18-24,B05,2026-05-09,083-xxx-1064,มหาวิทยาลัย,False,True
C00909,ณัฐ,หญิง,18-24,B03,2026-06-18,084-xxx-5989,อารีย์,False,True
C00910,ปวีณ,ไม่ระบุ,45-54,B01,2025-04-09,082-xxx-5235,สยาม,False,True
C00911,สมชาย,หญิง,18-24,B05,2025-10-18,085-xxx-1102,มหาวิทยาลัย,False,False
C00912,ศิริ,หญิง,35-44,B03,2026-06-20,088-xxx-1102,อารีย์,False,True
C00913,ธีร,ชาย,18-24,B05,2026-06-20,088-xxx-3135,มหาวิทยาลัย,False,True
C00914,รัตนา,หญิง,18-24,B04,2026-07-18,089-xxx-8284,บางนา,False,False
C00915,ภัทร,หญิง,35-44,B01,2025-06-15,082-xxx-5997,สยาม,False,True
C00916,มานพ,หญิง,35-44,B03,2026-08-18,086-xxx-2823,อารีย์,False,False
C00917,อัญชลี,หญิง,18-24,B02,2026-01-13,089-xxx-6192,สีลม,True,True
C00918,ธนา,ชาย,18-24,B01,2025-09-30,089-xxx-7293,สยาม,False,True
C00919,ภูมิ,ชาย,18-24,B01,2026-02-26,085-xxx-7642,สยาม,False,True
C00920,วรรณ,ชาย,25-34,B04,2025-07-29,082-xxx-1219,บางนา,False,True
C00921,ปิยะ,หญิง,25-34,B05,2026-07-10,082-xxx-2288,มหาวิทยาลัย,False,False
C00922,สุดา,หญิง,35-44,B05,2026-06-01,085-xxx-5466,มหาวิทยาลัย,False,True
C00923,อัญชลี,ชาย,18-24,B05,2025-08-22,083-xxx-5038,มหาวิทยาลัย,False,True
C00924,พิม,ชาย,25-34,B04,2026-05-20,084-xxx-8195,บางนา,False,True
C00925,จิรา,ชาย,18-24,B01,2025-09-18,084-xxx-9948,สยาม,False,True
C00926,สมชาย,ชาย,18-24,B03,2026-03-30,088-xxx-2375,อารีย์,False,True
C00927,เกศ,หญิง,ต่ำกว่า 18,B02,2026-07-20,081-xxx-6928,สีลม,False,True
C00928,ธีร,หญิง,ต่ำกว่า 18,B04,2026-05-04,084-xxx-3478,บางนา,False,True
C00929,ศิริ,ชาย,25-34,B03,2026-07-31,087-xxx-8956,อารีย์,False,True
C00930,กิตติ,หญิง,25-34,B01,2026-04-12,081-xxx-6670,สยาม,False,True
C00931,ศิริ,หญิง,18-24,B03,2026-02-05,084-xxx-2964,อารีย์,False,True
C00932,ทิพย์,ชาย,55+,B01,2025-04-30,088-xxx-4075,สยาม,False,True
C00933,ปิยะ,หญิง,45-54,B01,2026-06-23,086-xxx-7717,สยาม,False,False
C00934,ณัฐ,ชาย,35-44,B02,2026-07-20,085-xxx-6077,สีลม,False,False
C00935,มานพ,หญิง,18-24,B05,2025-11-18,084-xxx-8804,มหาวิทยาลัย,False,True
C00936,ธนา,ชาย,25-34,B01,2025-09-22,088-xxx-4400,สยาม,False,True
C00937,ณัฐ,หญิง,25-34,B05,2025-05-19,082-xxx-1427,มหาวิทยาลัย,False,True
C00938,กมล,ชาย,ต่ำกว่า 18,B05,2025-04-13,084-xxx-7995,มหาวิทยาลัย,False,True
C00939,สุดา,หญิง,18-24,B05,2026-06-19,083-xxx-8158,มหาวิทยาลัย,False,True
C00940,วีระ,หญิง,18-24,B04,2026-04-16,088-xxx-7530,บางนา,False,True
C00941,ทิพย์,ชาย,18-24,B03,2026-08-28,089-xxx-7430,อารีย์,False,True
C00942,ทิพย์,ไม่ระบุ,25-34,B05,2026-07-06,087-xxx-3941,มหาวิทยาลัย,False,True
C00943,ชนา,ชาย,45-54,B05,2025-08-04,085-xxx-1088,มหาวิทยาลัย,True,True
C00944,กิตติ,หญิง,25-34,B04,2026-04-27,086-xxx-2693,บางนา,False,True
C00945,ธนา,หญิง,35-44,B01,2025-11-22,087-xxx-2846,สยาม,False,True
C00946,ปวีณ,หญิง,35-44,B02,2026-09-07,086-xxx-6632,สีลม,False,False
C00947,ปิยะ,หญิง,25-34,B05,2025-06-14,087-xxx-2722,มหาวิทยาลัย,False,True
C00948,อรุณ,หญิง,25-34,B02,2026-05-04,089-xxx-7858,สีลม,False,True
C00949,พิม,ชาย,25-34,B01,2025-11-05,083-xxx-2953,สยาม,False,True
C00950,ธีร,หญิง,35-44,B03,2026-03-06,087-xxx-4363,อารีย์,False,True
C00951,สมชาย,หญิง,18-24,B01,2026-08-14,083-xxx-6864,สยาม,False,False
C00952,ธีร,หญิง,ต่ำกว่า 18,B02,2026-01-04,081-xxx-9204,สีลม,False,True
C00953,อรุณ,หญิง,25-34,B01,2025-11-28,081-xxx-7604,สยาม,False,True
C00954,ปวีณ,หญิง,55+,B03,2025-11-16,085-xxx-4298,อารีย์,False,True
C00955,วรรณ,หญิง,35-44,B02,2025-07-24,083-xxx-2016,สีลม,False,False
C00956,วรรณ,หญิง,25-34,B03,2026-07-20,086-xxx-6379,อารีย์,False,False
C00957,สมชาย,ชาย,45-54,B04,2025-10-21,083-xxx-6131,บางนา,False,True
C00958,มานพ,ไม่ระบุ,45-54,B01,2025-11-07,088-xxx-6701,สยาม,False,True
C00959,อรุณ,หญิง,25-34,B02,2025-08-10,088-xxx-4932,สีลม,False,True
C00960,สุดา,หญิง,25-34,B01,2025-11-14,089-xxx-4823,สยาม,False,True
C00961,ปวีณ,ชาย,18-24,B05,2025-10-30,082-xxx-2934,มหาวิทยาลัย,False,True
C00962,อัญชลี,หญิง,35-44,B01,2026-03-10,085-xxx-8741,สยาม,False,True
C00963,ธีร,หญิง,18-24,B05,2025-05-18,083-xxx-8398,มหาวิทยาลัย,False,False
C00964,เกศ,หญิง,18-24,B01,2025-10-16,081-xxx-1677,สยาม,False,True
C00965,ธีร,ไม่ระบุ,25-34,B03,2026-05-29,088-xxx-6071,อารีย์,False,True
C00966,จิรา,ชาย,25-34,B04,2026-02-12,087-xxx-8107,บางนา,False,True
C00967,สุดา,หญิง,55+,B01,2025-06-11,088-xxx-7038,สยาม,False,True
C00968,ทิพย์,หญิง,18-24,B01,2026-07-07,083-xxx-6515,สยาม,False,True
C00969,อรุณ,ชาย,25-34,B04,2025-09-08,084-xxx-8341,บางนา,False,True
C00970,ภูมิ,หญิง,25-34,B01,2025-09-04,087-xxx-6771,สยาม,False,False
C00971,รัตนา,หญิง,25-34,B01,2026-07-28,088-xxx-4430,สยาม,False,False
C00972,เกศ,ชาย,25-34,B04,2026-02-14,083-xxx-5083,บางนา,True,False
C00973,จิรา,ชาย,35-44,B01,2026-06-04,086-xxx-3850,สยาม,False,True
C00974,อัญชลี,หญิง,55+,B02,2025-08-08,089-xxx-7779,สีลม,False,True
C00975,ภัทร,หญิง,25-34,B01,2025-11-05,085-xxx-4128,สยาม,False,True
C00976,มานพ,หญิง,25-34,B02,2026-02-20,084-xxx-1956,สีลม,False,True
C00977,พิม,ไม่ระบุ,18-24,B05,2026-01-19,087-xxx-3518,มหาวิทยาลัย,False,True
C00978,อรุณ,หญิง,18-24,B02,2026-08-02,084-xxx-3957,สีลม,False,True
C00979,เกศ,หญิง,35-44,B02,2026-05-24,082-xxx-1876,สีลม,False,True
C00980,อรุณ,ชาย,25-34,B02,2025-10-27,084-xxx-6443,สีลม,False,True
C00981,กมล,ชาย,25-34,B02,2025-09-02,087-xxx-6294,สีลม,False,True
C00982,พิม,ชาย,35-44,B02,2025-04-14,088-xxx-1657,สีลม,False,True
C00983,สุดา,หญิง,25-34,B05,2026-05-27,084-xxx-2029,มหาวิทยาลัย,False,True
C00984,ทิพย์,หญิง,25-34,B05,2025-07-30,082-xxx-8289,มหาวิทยาลัย,False,True
C00985,สมชาย,หญิง,25-34,B05,2025-08-17,086-xxx-5374,มหาวิทยาลัย,False,True
C00986,ภัทร,ชาย,18-24,B04,2026-01-11,086-xxx-2133,บางนา,False,True
C00987,ทิพย์,หญิง,18-24,B01,2025-05-22,086-xxx-4704,สยาม,False,True
C00988,ปวีณ,ชาย,45-54,B05,2025-10-08,083-xxx-8514,มหาวิทยาลัย,False,True
C00989,กมล,ชาย,25-34,B02,2026-04-03,088-xxx-1050,สีลม,False,True
C00990,ปวีณ,ชาย,25-34,B05,2026-01-11,087-xxx-2363,มหาวิทยาลัย,False,True
C00991,อรุณ,หญิง,18-24,B01,2025-07-17,081-xxx-7476,สยาม,False,True
C00992,รัตนา,ชาย,18-24,B05,2026-03-07,085-xxx-4622,มหาวิทยาลัย,False,True
C00993,ธีร,ชาย,25-34,B01,2025-10-10,084-xxx-8569,สยาม,False,False
C00994,อรุณ,ชาย,35-44,B05,2025-06-14,084-xxx-2707,มหาวิทยาลัย,False,True
C00995,ธีร,หญิง,18-24,B05,2026-07-07,089-xxx-8110,มหาวิทยาลัย,False,True
C00996,ธนา,ชาย,35-44,B03,2026-01-18,083-xxx-3178,อารีย์,False,True
C00997,อัญชลี,ชาย,ต่ำกว่า 18,B04,2025-06-01,083-xxx-7127,บางนา,False,True
C00998,ศิริ,หญิง,25-34,B01,2026-01-16,082-xxx-7312,สยาม,False,True
C00999,รัตนา,หญิง,25-34,B02,2026-05-24,089-xxx-6516,สีลม,False,False
C01000,รัตนา,หญิง,ต่ำกว่า 18,B02,2025-06-16,086-xxx-5097,สีลม,False,True
C01001,ชนา,ชาย,45-54,B05,2026-03-09,085-xxx-2502,มหาวิทยาลัย,False,True
C01002,ภูมิ,หญิง,25-34,B04,2026-04-20,085-xxx-8057,บางนา,False,True
C01003,เกศ,ชาย,55+,B01,2026-05-04,087-xxx-2227,สยาม,False,True
C01004,สุดา,ชาย,ต่ำกว่า 18,B03,2026-04-14,081-xxx-7111,อารีย์,False,True
C01005,นภัส,ชาย,35-44,B01,2025-12-22,087-xxx-8936,สยาม,False,True
C01006,ธนา,หญิง,55+,B05,2026-03-11,083-xxx-8303,มหาวิทยาลัย,False,False
C01007,มานพ,ไม่ระบุ,25-34,B02,2025-05-09,084-xxx-5403,สีลม,False,True
C01008,ปิยะ,หญิง,25-34,B05,2025-06-24,084-xxx-9459,มหาวิทยาลัย,False,True
C01009,จิรา,ชาย,25-34,B03,2026-07-07,084-xxx-4586,อารีย์,False,False
C01010,ชนา,หญิง,18-24,B04,2026-08-12,088-xxx-6832,บางนา,False,False
C01011,สุดา,ชาย,35-44,B05,2025-07-18,088-xxx-3960,มหาวิทยาลัย,False,True
C01012,มานพ,หญิง,35-44,B02,2026-09-02,089-xxx-6551,สีลม,False,False
C01013,ศิริ,หญิง,45-54,B01,2025-07-25,088-xxx-9407,สยาม,False,True
C01014,กมล,ชาย,35-44,B01,2026-03-15,084-xxx-7568,สยาม,False,True
C01015,ศิริ,หญิง,18-24,B05,2025-11-19,086-xxx-6439,มหาวิทยาลัย,False,True
C01016,อัญชลี,หญิง,18-24,B01,2025-10-13,081-xxx-4099,สยาม,False,True
C01017,วรรณ,ชาย,25-34,B01,2026-06-29,083-xxx-3341,สยาม,False,False
C01018,สุดา,หญิง,35-44,B01,2026-04-17,085-xxx-9197,สยาม,False,False
C01019,จิรา,ชาย,18-24,B05,2025-09-06,087-xxx-3220,มหาวิทยาลัย,False,True
C01020,นภัส,ชาย,35-44,B02,2025-09-23,086-xxx-4935,สีลม,False,True
C01021,ภัทร,หญิง,25-34,B01,2026-04-14,082-xxx-1711,สยาม,False,True
C01022,รัตนา,ชาย,25-34,B01,2026-03-16,086-xxx-3036,สยาม,False,True
C01023,วีระ,หญิง,25-34,B05,2026-05-15,088-xxx-4657,มหาวิทยาลัย,False,True
C01024,ณัฐ,หญิง,45-54,B04,2025-11-11,084-xxx-6201,บางนา,True,True
C01025,ทิพย์,หญิง,55+,B02,2025-11-08,086-xxx-5396,สีลม,False,True
C01026,สมชาย,หญิง,18-24,B01,2026-03-07,084-xxx-8170,สยาม,False,True
C01027,อัญชลี,ชาย,45-54,B01,2025-07-24,086-xxx-3462,สยาม,False,True
C01028,กิตติ,หญิง,55+,B02,2026-07-25,086-xxx-9455,สีลม,False,False
C01029,ชนา,ไม่ระบุ,18-24,B05,2025-12-27,082-xxx-6984,มหาวิทยาลัย,False,False
C01030,สมชาย,ชาย,18-24,B01,2025-08-15,084-xxx-1715,สยาม,False,True
C01031,พิม,หญิง,18-24,B02,2026-02-05,084-xxx-5616,สีลม,False,True
C01032,จิรา,ชาย,25-34,B03,2026-04-18,084-xxx-4294,อารีย์,False,True
C01033,จิรา,หญิง,25-34,B03,2026-02-26,087-xxx-6506,อารีย์,False,True
C01034,สุดา,ชาย,25-34,B02,2025-09-14,088-xxx-6210,สีลม,False,True
C01035,อัญชลี,ชาย,18-24,B03,2026-04-16,087-xxx-8710,อารีย์,False,True
C01036,ปิยะ,ชาย,18-24,B05,2026-07-24,082-xxx-3205,มหาวิทยาลัย,False,True
C01037,ปิยะ,หญิง,ต่ำกว่า 18,B04,2025-04-03,088-xxx-5927,บางนา,False,True
C01038,กมล,หญิง,35-44,B04,2026-08-19,084-xxx-4938,บางนา,False,False
C01039,ชนา,ชาย,25-34,B05,2026-09-08,081-xxx-4932,มหาวิทยาลัย,False,False
C01040,ภูมิ,หญิง,18-24,B01,2025-09-21,084-xxx-2696,สยาม,False,True
C01041,ณัฐ,ชาย,25-34,B01,2026-01-03,088-xxx-7262,สยาม,False,True
C01042,พิม,ชาย,18-24,B01,2026-04-25,084-xxx-1581,สยาม,False,True
C01043,วีระ,ชาย,35-44,B01,2025-11-02,085-xxx-8476,สยาม,False,True
C01044,ณัฐ,ชาย,25-34,B04,2025-08-07,085-xxx-9295,บางนา,False,True
C01045,พิม,ชาย,25-34,B05,2026-06-20,088-xxx-6494,มหาวิทยาลัย,False,True
C01046,ปิยะ,หญิง,25-34,B02,2025-12-24,088-xxx-3741,สีลม,False,True
C01047,จิรา,ชาย,35-44,B05,2025-08-24,081-xxx-7745,มหาวิทยาลัย,False,True
C01048,วีระ,หญิง,45-54,B05,2026-03-20,087-xxx-6969,มหาวิทยาลัย,False,True
C01049,กมล,ชาย,25-34,B01,2025-07-05,085-xxx-1808,สยาม,False,True
C01050,นภัส,ชาย,35-44,B01,2026-04-20,089-xxx-5410,สยาม,False,True
C01051,รัตนา,หญิง,25-34,B01,2025-10-22,085-xxx-6202,สยาม,False,True
C01052,วีระ,หญิง,18-24,B05,2026-08-12,084-xxx-7089,มหาวิทยาลัย,False,False
C01053,จิรา,ชาย,18-24,B02,2025-08-29,087-xxx-3239,สีลม,False,True
C01054,ภัทร,ชาย,35-44,B02,2025-12-24,088-xxx-2913,สีลม,False,True
C01055,มานพ,หญิง,45-54,B01,2026-04-24,086-xxx-4423,สยาม,False,True
C01056,อัญชลี,หญิง,25-34,B02,2025-11-21,081-xxx-3399,สีลม,False,True
C01057,ธนา,ชาย,25-34,B02,2025-10-23,085-xxx-9036,สีลม,False,True
C01058,ศิริ,ชาย,25-34,B01,2026-03-12,085-xxx-2288,สยาม,False,True
C01059,กิตติ,หญิง,18-24,B03,2026-06-06,087-xxx-3455,อารีย์,False,True
C01060,ศิริ,หญิง,45-54,B04,2025-11-16,084-xxx-1137,บางนา,False,True
C01061,ธนา,ชาย,25-34,B05,2026-04-03,086-xxx-8801,มหาวิทยาลัย,False,True
C01062,กมล,ชาย,35-44,B01,2026-08-09,084-xxx-5948,สยาม,False,True
C01063,นภัส,ชาย,25-34,B02,2025-11-25,085-xxx-1678,สีลม,False,True
C01064,พิม,ชาย,25-34,B02,2026-06-03,081-xxx-4592,สีลม,False,True
C01065,ปวีณ,ชาย,35-44,B05,2025-09-04,089-xxx-3453,มหาวิทยาลัย,False,True
C01066,อัญชลี,ชาย,55+,B01,2025-12-03,085-xxx-3945,สยาม,False,True
C01067,ชนา,หญิง,35-44,B02,2026-05-29,083-xxx-3545,สีลม,False,True
C01068,ธนา,หญิง,35-44,B03,2026-05-09,089-xxx-4386,อารีย์,False,True
C01069,ณัฐ,หญิง,35-44,B01,2025-06-14,085-xxx-2747,สยาม,False,True
C01070,เกศ,ชาย,25-34,B05,2025-07-05,083-xxx-7821,มหาวิทยาลัย,False,True
C01071,พิม,หญิง,45-54,B02,2025-04-06,081-xxx-5860,สีลม,False,True
C01072,ภัทร,ชาย,18-24,B03,2026-05-14,084-xxx-9961,อารีย์,False,True
C01073,ปิยะ,หญิง,25-34,B02,2025-04-05,081-xxx-2339,สีลม,False,True
C01074,กมล,ชาย,45-54,B01,2026-08-07,085-xxx-1115,สยาม,False,True
C01075,เกศ,หญิง,18-24,B04,2026-08-30,086-xxx-7207,บางนา,False,False
C01076,กิตติ,หญิง,18-24,B04,2026-05-16,084-xxx-1100,บางนา,False,True
C01077,ทิพย์,หญิง,25-34,B05,2025-05-30,086-xxx-3881,มหาวิทยาลัย,False,True
C01078,ศิริ,หญิง,45-54,B02,2026-01-29,087-xxx-3184,สีลม,False,True
C01079,ภูมิ,หญิง,25-34,B04,2026-07-16,089-xxx-4119,บางนา,False,False
C01080,มานพ,หญิง,25-34,B04,2026-08-15,088-xxx-8605,บางนา,False,True
C01081,วรรณ,ไม่ระบุ,18-24,B04,2025-09-07,085-xxx-4306,บางนา,False,True
C01082,กิตติ,หญิง,55+,B05,2026-02-27,085-xxx-2795,มหาวิทยาลัย,False,True
C01083,ทิพย์,หญิง,35-44,B01,2025-09-22,083-xxx-3582,สยาม,False,True
C01084,จิรา,หญิง,25-34,B04,2026-06-01,087-xxx-2812,บางนา,False,True
C01085,ทิพย์,หญิง,35-44,B01,2026-01-12,088-xxx-1299,สยาม,False,True
C01086,วรรณ,ชาย,25-34,B03,2026-08-22,088-xxx-3511,อารีย์,False,True
C01087,นภัส,หญิง,35-44,B01,2025-12-25,083-xxx-1831,สยาม,False,True
C01088,วรรณ,หญิง,25-34,B02,2025-07-21,088-xxx-8097,สีลม,False,True
C01089,ปิยะ,หญิง,45-54,B03,2026-04-06,082-xxx-7394,อารีย์,False,True
C01090,กิตติ,ชาย,18-24,B02,2026-05-07,082-xxx-5261,สีลม,False,True
C01091,ธีร,ชาย,18-24,B01,2025-04-29,086-xxx-5373,สยาม,False,True
C01092,ณัฐ,หญิง,45-54,B02,2026-02-16,088-xxx-3898,สีลม,False,False
C01093,มานพ,หญิง,25-34,B05,2026-02-18,082-xxx-5095,มหาวิทยาลัย,False,True
C01094,วรรณ,หญิง,18-24,B01,2026-07-21,085-xxx-9358,สยาม,False,False
C01095,ภัทร,หญิง,18-24,B04,2025-11-13,088-xxx-1789,บางนา,False,True
C01096,ปวีณ,หญิง,35-44,B02,2026-07-12,086-xxx-3519,สีลม,False,True
C01097,จิรา,ชาย,45-54,B01,2026-04-06,087-xxx-2049,สยาม,False,True
C01098,อรุณ,หญิง,35-44,B03,2026-08-12,089-xxx-2347,อารีย์,False,False
C01099,กมล,ชาย,35-44,B01,2025-10-27,082-xxx-1334,สยาม,False,True
C01100,วีระ,หญิง,45-54,B05,2025-04-02,088-xxx-2729,มหาวิทยาลัย,False,True
C01101,มานพ,หญิง,ต่ำกว่า 18,B01,2025-04-15,089-xxx-9463,สยาม,False,True
C01102,วีระ,ชาย,25-34,B03,2025-12-23,088-xxx-6031,อารีย์,False,True
C01103,นภัส,หญิง,35-44,B02,2026-05-22,089-xxx-6416,สีลม,False,True
C01104,มานพ,ชาย,45-54,B04,2026-05-09,082-xxx-4528,บางนา,False,True
C01105,ปิยะ,ชาย,35-44,B01,2026-08-02,082-xxx-8466,สยาม,False,True
C01106,ธนา,ชาย,25-34,B05,2025-05-16,081-xxx-9603,มหาวิทยาลัย,False,False
C01107,มานพ,หญิง,35-44,B01,2026-07-05,086-xxx-9658,สยาม,False,False
C01108,อรุณ,หญิง,35-44,B04,2026-06-14,082-xxx-3076,บางนา,False,True
C01109,นภัส,ชาย,18-24,B02,2026-07-02,085-xxx-9038,สีลม,False,False
C01110,เกศ,หญิง,18-24,B03,2025-11-06,085-xxx-2012,อารีย์,False,True
C01111,ณัฐ,ชาย,25-34,B05,2026-06-22,088-xxx-6032,มหาวิทยาลัย,False,False
C01112,ปิยะ,ชาย,45-54,B01,2025-12-14,089-xxx-9849,สยาม,False,True
C01113,จิรา,หญิง,25-34,B01,2026-07-04,082-xxx-2920,สยาม,False,True
C01114,ศิริ,ชาย,25-34,B05,2026-06-04,081-xxx-1206,มหาวิทยาลัย,False,True
C01115,ภูมิ,ชาย,25-34,B01,2026-07-04,084-xxx-1800,สยาม,True,True
C01116,วรรณ,หญิง,35-44,B04,2026-07-11,086-xxx-6274,บางนา,True,True
C01117,ปิยะ,หญิง,18-24,B03,2026-01-13,088-xxx-8616,อารีย์,False,True
C01118,กิตติ,หญิง,18-24,B04,2025-10-28,085-xxx-9132,บางนา,False,True
C01119,ชนา,หญิง,45-54,B01,2026-07-25,082-xxx-2386,สยาม,False,False
C01120,ธีร,ชาย,18-24,B05,2026-09-07,089-xxx-6354,มหาวิทยาลัย,False,False
C01121,เกศ,ชาย,55+,B05,2025-12-07,081-xxx-8731,มหาวิทยาลัย,False,True
C01122,วีระ,หญิง,18-24,B02,2026-02-14,081-xxx-4267,สีลม,False,True
C01123,ธนา,ชาย,18-24,B01,2025-11-17,084-xxx-5089,สยาม,False,True
C01124,สุดา,หญิง,25-34,B01,2026-08-09,084-xxx-4348,สยาม,False,False
C01125,ภัทร,หญิง,18-24,B01,2025-11-18,081-xxx-1348,สยาม,False,True
C01126,ปิยะ,หญิง,35-44,B01,2025-10-16,084-xxx-2828,สยาม,False,True
C01127,ปวีณ,หญิง,35-44,B05,2025-09-15,087-xxx-5677,มหาวิทยาลัย,False,True
C01128,ปิยะ,ชาย,18-24,B04,2025-10-30,081-xxx-9198,บางนา,False,False
C01129,กมล,ชาย,18-24,B03,2026-08-10,089-xxx-3014,อารีย์,False,True
C01130,วีระ,หญิง,35-44,B02,2025-09-07,085-xxx-5566,สีลม,False,True
C01131,สุดา,ชาย,45-54,B01,2026-08-21,082-xxx-7355,สยาม,False,True
C01132,อรุณ,ชาย,25-34,B04,2026-04-03,084-xxx-3213,บางนา,False,True
C01133,วีระ,ชาย,35-44,B02,2025-12-18,086-xxx-7009,สีลม,False,True
C01134,พิม,ชาย,25-34,B02,2025-05-18,085-xxx-3808,สีลม,False,True
C01135,อัญชลี,ไม่ระบุ,18-24,B02,2026-04-10,081-xxx-7457,สีลม,False,True
C01136,ปวีณ,หญิง,ต่ำกว่า 18,B04,2025-11-10,083-xxx-2114,บางนา,False,True
C01137,จิรา,ชาย,35-44,B02,2025-10-03,087-xxx-7109,สีลม,False,True
C01138,นภัส,ชาย,45-54,B02,2026-06-23,089-xxx-2544,สีลม,False,True
C01139,กมล,หญิง,25-34,B02,2025-10-01,082-xxx-8596,สีลม,False,True
C01140,กมล,หญิง,25-34,B01,2025-08-28,085-xxx-7318,สยาม,False,True
C01141,ธีร,หญิง,25-34,B05,2025-12-31,081-xxx-7445,มหาวิทยาลัย,False,True
C01142,นภัส,ชาย,18-24,B04,2025-11-06,088-xxx-3396,บางนา,False,True
C01143,ธนา,ชาย,25-34,B05,2026-01-08,087-xxx-9881,มหาวิทยาลัย,False,True
C01144,วรรณ,หญิง,25-34,B01,2025-11-03,084-xxx-1229,สยาม,False,True
C01145,อรุณ,ชาย,18-24,B03,2025-11-24,083-xxx-1227,อารีย์,False,True
C01146,ณัฐ,ชาย,25-34,B01,2025-06-03,082-xxx-4689,สยาม,False,False
C01147,ชนา,หญิง,25-34,B01,2026-05-25,084-xxx-2494,สยาม,False,True
C01148,ปวีณ,หญิง,ต่ำกว่า 18,B01,2025-08-06,084-xxx-1848,สยาม,False,True
C01149,ปิยะ,หญิง,55+,B02,2025-06-18,088-xxx-2128,สีลม,False,True
C01150,ชนา,ชาย,25-34,B05,2026-09-03,085-xxx-3266,มหาวิทยาลัย,False,True
C01151,สุดา,หญิง,25-34,B04,2025-05-25,088-xxx-1819,บางนา,False,True
C01152,พิม,ชาย,25-34,B02,2025-10-11,083-xxx-7583,สีลม,True,True
C01153,ชนา,ชาย,18-24,B03,2026-05-01,086-xxx-7053,อารีย์,False,True
C01154,ปวีณ,ไม่ระบุ,25-34,B05,2025-07-01,082-xxx-7591,มหาวิทยาลัย,False,True
C01155,ณัฐ,ชาย,25-34,B01,2026-06-12,085-xxx-3877,สยาม,False,True
C01156,อรุณ,หญิง,25-34,B02,2025-06-30,089-xxx-8367,สีลม,False,True
C01157,ทิพย์,หญิง,25-34,B05,2026-05-27,086-xxx-9750,มหาวิทยาลัย,False,True
C01158,รัตนา,ชาย,25-34,B02,2026-03-04,089-xxx-2372,สีลม,False,False
C01159,ทิพย์,หญิง,25-34,B02,2025-09-08,088-xxx-5230,สีลม,False,True
C01160,อัญชลี,หญิง,45-54,B01,2025-11-13,086-xxx-8550,สยาม,False,False
C01161,กมล,หญิง,25-34,B03,2026-01-16,081-xxx-5586,อารีย์,False,True
C01162,จิรา,หญิง,35-44,B04,2025-04-18,086-xxx-5255,บางนา,False,True
C01163,อัญชลี,หญิง,25-34,B01,2025-04-08,087-xxx-1476,สยาม,True,True
C01164,สมชาย,หญิง,25-34,B01,2026-03-24,081-xxx-9683,สยาม,False,False
C01165,ณัฐ,หญิง,35-44,B05,2026-04-16,083-xxx-8123,มหาวิทยาลัย,False,True
C01166,สุดา,ชาย,25-34,B04,2026-02-27,082-xxx-8531,บางนา,False,True
C01167,ทิพย์,หญิง,45-54,B01,2026-08-05,087-xxx-7685,สยาม,True,True
C01168,จิรา,ชาย,35-44,B05,2026-08-04,083-xxx-4290,มหาวิทยาลัย,False,False
C01169,ปิยะ,หญิง,45-54,B02,2026-04-09,086-xxx-1647,สีลม,False,True
C01170,รัตนา,ชาย,35-44,B02,2025-09-22,084-xxx-7358,สีลม,False,True
C01171,ณัฐ,หญิง,35-44,B04,2025-04-07,082-xxx-9099,บางนา,False,True
C01172,อรุณ,ชาย,25-34,B05,2026-03-31,081-xxx-1384,มหาวิทยาลัย,False,True
C01173,รัตนา,ชาย,35-44,B03,2026-04-29,088-xxx-3158,อารีย์,False,True
C01174,รัตนา,หญิง,45-54,B04,2025-04-26,083-xxx-6068,บางนา,False,True
C01175,มานพ,ชาย,25-34,B03,2026-03-09,086-xxx-8655,อารีย์,False,True
C01176,ณัฐ,หญิง,18-24,B03,2026-04-25,086-xxx-9297,อารีย์,False,True
C01177,ภูมิ,ชาย,ต่ำกว่า 18,B05,2025-10-02,084-xxx-9636,มหาวิทยาลัย,False,True
C01178,พิม,หญิง,18-24,B01,2026-06-24,085-xxx-5898,สยาม,False,False
C01179,ปวีณ,หญิง,25-34,B05,2025-07-18,081-xxx-1817,มหาวิทยาลัย,False,True
C01180,รัตนา,หญิง,18-24,B02,2025-06-08,089-xxx-5194,สีลม,False,True
C01181,พิม,หญิง,18-24,B05,2025-10-31,082-xxx-1848,มหาวิทยาลัย,False,True
C01182,ชนา,ชาย,25-34,B05,2026-08-30,083-xxx-8811,มหาวิทยาลัย,False,False
C01183,อรุณ,หญิง,18-24,B04,2025-04-12,089-xxx-1015,บางนา,False,True
C01184,ธนา,หญิง,25-34,B01,2025-12-26,087-xxx-3227,สยาม,False,True
C01185,ภูมิ,ชาย,45-54,B05,2025-08-11,081-xxx-9671,มหาวิทยาลัย,False,True
C01186,ภัทร,หญิง,18-24,B03,2025-12-10,085-xxx-4981,อารีย์,False,True
C01187,รัตนา,ไม่ระบุ,ต่ำกว่า 18,B01,2026-01-25,081-xxx-6898,สยาม,False,False
C01188,ณัฐ,ชาย,35-44,B01,2026-01-20,081-xxx-2195,สยาม,False,True
C01189,มานพ,ชาย,ต่ำกว่า 18,B05,2025-11-18,088-xxx-6619,มหาวิทยาลัย,False,True
C01190,ชนา,หญิง,35-44,B05,2025-08-01,083-xxx-5549,มหาวิทยาลัย,True,True
C01191,พิม,หญิง,25-34,B01,2025-09-19,088-xxx-8914,สยาม,False,True
C01192,ทิพย์,หญิง,18-24,B05,2026-04-05,083-xxx-2559,มหาวิทยาลัย,False,True
C01193,เกศ,ชาย,35-44,B01,2026-04-06,089-xxx-6355,สยาม,False,True
C01194,อัญชลี,หญิง,35-44,B05,2025-08-05,087-xxx-8620,มหาวิทยาลัย,False,True
C01195,ปวีณ,หญิง,25-34,B02,2026-02-04,085-xxx-3654,สีลม,False,True
C01196,อัญชลี,ชาย,55+,B05,2026-08-26,088-xxx-1122,มหาวิทยาลัย,False,True
C01197,รัตนา,หญิง,18-24,B01,2025-04-28,082-xxx-5654,สยาม,False,True
C01198,ปิยะ,หญิง,35-44,B05,2026-05-18,082-xxx-2821,มหาวิทยาลัย,False,True
C01199,วีระ,หญิง,35-44,B04,2026-05-11,089-xxx-6758,บางนา,False,False
C01200,อัญชลี,หญิง,18-24,B02,2026-07-01,088-xxx-4549,สีลม,False,True
C01201,วรรณ,หญิง,35-44,B03,2026-02-12,086-xxx-9393,อารีย์,False,True
C01202,มานพ,หญิง,25-34,B05,2026-01-22,087-xxx-2778,มหาวิทยาลัย,False,True
C01203,ณัฐ,ไม่ระบุ,18-24,B02,2025-10-20,089-xxx-3765,สีลม,False,True
C01204,อัญชลี,ชาย,45-54,B05,2026-08-01,083-xxx-5422,มหาวิทยาลัย,False,True
C01205,สุดา,หญิง,25-34,B04,2025-05-11,083-xxx-9822,บางนา,False,True
C01206,วรรณ,ชาย,25-34,B01,2025-06-10,081-xxx-3636,สยาม,False,True
C01207,อัญชลี,หญิง,35-44,B03,2025-12-23,084-xxx-4804,อารีย์,False,True
C01208,นภัส,ชาย,25-34,B04,2025-07-29,087-xxx-8881,บางนา,False,True
C01209,จิรา,หญิง,35-44,B03,2025-11-27,088-xxx-6993,อารีย์,False,True
C01210,พิม,ชาย,45-54,B05,2025-08-26,089-xxx-6835,มหาวิทยาลัย,False,True
C01211,วรรณ,ชาย,45-54,B02,2025-11-14,089-xxx-1651,สีลม,False,False
C01212,ณัฐ,ไม่ระบุ,18-24,B04,2026-04-02,083-xxx-7516,บางนา,False,True
C01213,ธนา,หญิง,25-34,B05,2026-01-29,082-xxx-6358,มหาวิทยาลัย,True,True
C01214,ธีร,หญิง,25-34,B01,2025-07-30,089-xxx-3237,สยาม,False,True
C01215,นภัส,หญิง,25-34,B01,2026-01-30,085-xxx-3565,สยาม,False,True
C01216,อัญชลี,หญิง,18-24,B03,2026-03-07,087-xxx-3803,อารีย์,False,True
C01217,พิม,หญิง,18-24,B05,2026-08-09,081-xxx-3633,มหาวิทยาลัย,False,True
C01218,จิรา,หญิง,35-44,B01,2026-03-04,086-xxx-2451,สยาม,False,True
C01219,สมชาย,ชาย,35-44,B05,2025-10-21,086-xxx-4831,มหาวิทยาลัย,False,True
C01220,ภัทร,หญิง,18-24,B04,2025-05-21,084-xxx-5956,บางนา,False,True
C01221,ปวีณ,หญิง,35-44,B04,2026-01-15,082-xxx-7013,บางนา,False,True
C01222,ปวีณ,ชาย,25-34,B05,2025-09-15,081-xxx-4280,มหาวิทยาลัย,False,True
C01223,วรรณ,ชาย,45-54,B05,2026-06-21,088-xxx-4004,มหาวิทยาลัย,False,False
C01224,ปวีณ,หญิง,25-34,B01,2026-02-05,083-xxx-9623,สยาม,False,True
C01225,อัญชลี,หญิง,18-24,B05,2026-03-26,087-xxx-8720,มหาวิทยาลัย,False,True
C01226,อรุณ,ชาย,ต่ำกว่า 18,B04,2026-04-01,083-xxx-8877,บางนา,False,True
C01227,ปิยะ,ชาย,18-24,B05,2026-03-21,085-xxx-2905,มหาวิทยาลัย,False,True
C01228,กิตติ,หญิง,ต่ำกว่า 18,B01,2025-06-11,082-xxx-4133,สยาม,False,True
C01229,นภัส,ชาย,25-34,B05,2025-08-22,082-xxx-4352,มหาวิทยาลัย,False,False
C01230,ชนา,หญิง,18-24,B01,2026-04-02,083-xxx-4411,สยาม,False,True
C01231,รัตนา,ชาย,25-34,B01,2025-08-18,083-xxx-1814,สยาม,False,True
C01232,รัตนา,ชาย,18-24,B05,2025-12-15,082-xxx-5348,มหาวิทยาลัย,False,True
C01233,ปวีณ,หญิง,25-34,B01,2025-08-22,087-xxx-6253,สยาม,False,True
C01234,จิรา,ชาย,35-44,B03,2026-07-10,088-xxx-5830,อารีย์,False,True
C01235,พิม,หญิง,25-34,B05,2025-06-17,088-xxx-5938,มหาวิทยาลัย,False,True
C01236,ธนา,หญิง,18-24,B02,2026-03-06,087-xxx-1788,สีลม,True,True
C01237,สุดา,หญิง,35-44,B02,2025-12-24,088-xxx-6922,สีลม,False,True
C01238,พิม,หญิง,35-44,B02,2026-04-25,086-xxx-3320,สีลม,False,True
C01239,เกศ,หญิง,25-34,B03,2026-08-26,083-xxx-8844,อารีย์,True,True
C01240,ศิริ,ชาย,35-44,B04,2025-05-05,084-xxx-4005,บางนา,False,True
C01241,วีระ,ชาย,55+,B01,2026-08-11,085-xxx-6101,สยาม,False,False
C01242,ปิยะ,ชาย,35-44,B02,2026-03-09,088-xxx-4031,สีลม,False,True
C01243,วรรณ,ชาย,35-44,B02,2026-07-25,084-xxx-7432,สีลม,False,False
C01244,มานพ,หญิง,55+,B05,2025-07-09,082-xxx-3367,มหาวิทยาลัย,False,True
C01245,ทิพย์,ชาย,25-34,B05,2026-08-28,082-xxx-9021,มหาวิทยาลัย,False,False
C01246,ศิริ,ชาย,55+,B05,2026-05-10,082-xxx-2537,มหาวิทยาลัย,False,True
C01247,สมชาย,หญิง,18-24,B02,2026-08-18,089-xxx-6851,สีลม,False,False
C01248,กิตติ,หญิง,25-34,B05,2025-05-28,086-xxx-8815,มหาวิทยาลัย,False,False
C01249,ปวีณ,หญิง,25-34,B02,2026-07-20,085-xxx-6362,สีลม,False,True
C01250,มานพ,ชาย,25-34,B05,2026-03-30,084-xxx-9957,มหาวิทยาลัย,False,True
C01251,อัญชลี,ชาย,ต่ำกว่า 18,B02,2025-07-12,087-xxx-8809,สีลม,False,True
C01252,กมล,หญิง,55+,B03,2026-09-10,089-xxx-9213,อารีย์,False,True
C01253,ศิริ,ชาย,18-24,B01,2025-12-09,081-xxx-7267,สยาม,False,True
C01254,ธนา,ชาย,18-24,B01,2025-06-03,088-xxx-3777,สยาม,False,True
C01255,นภัส,หญิง,35-44,B04,2025-05-01,083-xxx-2065,บางนา,True,True
C01256,พิม,ชาย,45-54,B03,2025-11-06,084-xxx-5706,อารีย์,False,True
C01257,ทิพย์,หญิง,25-34,B02,2026-05-03,082-xxx-6457,สีลม,False,True
C01258,มานพ,หญิง,25-34,B04,2026-04-26,081-xxx-2100,บางนา,False,True
C01259,รัตนา,หญิง,35-44,B05,2026-09-04,082-xxx-9148,มหาวิทยาลัย,False,True
C01260,ธีร,หญิง,45-54,B04,2025-06-23,082-xxx-7618,บางนา,False,True
C01261,สมชาย,ไม่ระบุ,18-24,B01,2025-04-09,087-xxx-4640,สยาม,False,True
C01262,วีระ,ชาย,35-44,B03,2026-02-20,088-xxx-3372,อารีย์,False,True
C01263,กิตติ,หญิง,25-34,B02,2025-07-20,081-xxx-6791,สีลม,False,True
C01264,ปิยะ,หญิง,45-54,B05,2025-09-09,086-xxx-6926,มหาวิทยาลัย,False,True
C01265,สุดา,หญิง,25-34,B01,2025-06-25,083-xxx-8917,สยาม,False,True
C01266,พิม,หญิง,18-24,B03,2025-11-01,083-xxx-2637,อารีย์,False,True
C01267,เกศ,ชาย,55+,B03,2026-02-04,083-xxx-8746,อารีย์,False,True
C01268,สมชาย,หญิง,55+,B03,2026-07-21,089-xxx-9184,อารีย์,False,True
C01269,วีระ,ชาย,18-24,B04,2025-05-21,084-xxx-7819,บางนา,False,True
C01270,ธนา,หญิง,18-24,B01,2026-06-09,088-xxx-4678,สยาม,False,True
C01271,รัตนา,ชาย,18-24,B04,2026-05-11,089-xxx-7739,บางนา,False,False
C01272,ชนา,หญิง,25-34,B02,2026-03-10,082-xxx-5926,สีลม,False,True
C01273,วรรณ,หญิง,18-24,B05,2025-10-28,088-xxx-8250,มหาวิทยาลัย,False,True
C01274,กมล,หญิง,45-54,B04,2025-08-24,087-xxx-5320,บางนา,False,True
C01275,นภัส,ชาย,25-34,B05,2025-08-01,083-xxx-3068,มหาวิทยาลัย,False,True
C01276,วรรณ,ชาย,35-44,B02,2026-07-07,085-xxx-9855,สีลม,False,True
C01277,ภูมิ,หญิง,25-34,B01,2026-04-12,081-xxx-1561,สยาม,False,True
C01278,ภัทร,หญิง,55+,B04,2025-11-09,084-xxx-1750,บางนา,False,True
C01279,สมชาย,หญิง,45-54,B01,2026-05-08,086-xxx-9022,สยาม,False,True
C01280,วีระ,ชาย,35-44,B02,2025-10-31,088-xxx-5303,สีลม,False,True
C01281,สมชาย,ชาย,ต่ำกว่า 18,B05,2025-08-31,081-xxx-9480,มหาวิทยาลัย,False,True
C01282,วีระ,ชาย,25-34,B01,2026-06-05,082-xxx-2244,สยาม,False,True
C01283,ปวีณ,ชาย,35-44,B03,2026-08-22,083-xxx-4967,อารีย์,False,False
C01284,ภูมิ,หญิง,25-34,B01,2025-09-07,086-xxx-4063,สยาม,False,True
C01285,เกศ,ชาย,18-24,B03,2026-02-20,083-xxx-2609,อารีย์,False,True
C01286,อัญชลี,หญิง,18-24,B01,2025-12-11,088-xxx-9907,สยาม,False,True
C01287,ธนา,ชาย,35-44,B05,2026-07-25,083-xxx-2300,มหาวิทยาลัย,False,True
C01288,ธนา,หญิง,ต่ำกว่า 18,B04,2026-08-15,087-xxx-5383,บางนา,False,False
C01289,กิตติ,ชาย,25-34,B03,2026-04-26,088-xxx-7305,อารีย์,False,True
C01290,เกศ,หญิง,25-34,B04,2025-07-13,089-xxx-1786,บางนา,False,True
C01291,ปวีณ,หญิง,18-24,B05,2025-10-23,082-xxx-9977,มหาวิทยาลัย,False,True
C01292,ทิพย์,หญิง,35-44,B01,2025-04-01,082-xxx-4265,สยาม,False,True
C01293,จิรา,หญิง,35-44,B03,2026-03-27,083-xxx-6759,อารีย์,False,True
C01294,วีระ,หญิง,45-54,B01,2026-06-05,089-xxx-6890,สยาม,False,True
C01295,กมล,ชาย,35-44,B01,2025-12-03,082-xxx-1801,สยาม,False,True
C01296,วรรณ,ชาย,45-54,B04,2025-05-23,081-xxx-5322,บางนา,False,True
C01297,สมชาย,หญิง,35-44,B01,2025-04-21,081-xxx-7601,สยาม,False,True
C01298,มานพ,ชาย,18-24,B01,2025-07-05,089-xxx-8183,สยาม,False,False
C01299,ปวีณ,ชาย,25-34,B05,2025-06-28,089-xxx-2403,มหาวิทยาลัย,False,True
C01300,ภัทร,ชาย,35-44,B02,2025-09-02,083-xxx-7782,สีลม,False,True
C01301,ปิยะ,ชาย,35-44,B02,2026-06-04,081-xxx-3763,สีลม,False,True
C01302,สมชาย,ชาย,18-24,B05,2025-05-04,085-xxx-9877,มหาวิทยาลัย,False,True
C01303,มานพ,ชาย,35-44,B05,2026-09-11,085-xxx-9066,มหาวิทยาลัย,False,False
C01304,กมล,ชาย,55+,B01,2026-01-20,081-xxx-2287,สยาม,False,True
C01305,พิม,ไม่ระบุ,25-34,B04,2026-07-12,082-xxx-7892,บางนา,False,False
C01306,ศิริ,ชาย,35-44,B03,2026-08-05,083-xxx-6082,อารีย์,False,False
C01307,ธนา,หญิง,18-24,B05,2025-09-04,088-xxx-7647,มหาวิทยาลัย,True,True
C01308,ภัทร,หญิง,18-24,B05,2025-08-08,081-xxx-8696,มหาวิทยาลัย,False,True
C01309,ปิยะ,ชาย,35-44,B03,2026-05-18,081-xxx-2351,อารีย์,False,True
C01310,ภูมิ,หญิง,18-24,B05,2025-11-28,086-xxx-3177,มหาวิทยาลัย,False,True
C01311,ศิริ,ชาย,25-34,B02,2025-07-14,082-xxx-5421,สีลม,False,True
C01312,ธีร,ไม่ระบุ,18-24,B02,2026-09-09,087-xxx-5613,สีลม,False,True
C01313,ชนา,ชาย,25-34,B02,2025-04-19,081-xxx-9088,สีลม,False,True
C01314,ธนา,หญิง,25-34,B01,2026-09-03,088-xxx-9545,สยาม,False,False
C01315,จิรา,ชาย,25-34,B03,2026-01-26,081-xxx-8778,อารีย์,False,True
C01316,ภัทร,ชาย,25-34,B04,2025-05-26,088-xxx-4229,บางนา,True,True
C01317,ภูมิ,หญิง,25-34,B01,2025-11-06,089-xxx-3325,สยาม,False,True
C01318,ศิริ,ชาย,18-24,B05,2026-04-17,083-xxx-5629,มหาวิทยาลัย,False,False
C01319,นภัส,ชาย,45-54,B01,2025-07-27,088-xxx-4129,สยาม,False,True
C01320,รัตนา,ชาย,25-34,B01,2026-07-22,082-xxx-9857,สยาม,False,False
C01321,รัตนา,หญิง,18-24,B01,2025-09-11,084-xxx-8412,สยาม,False,True
C01322,ธนา,ชาย,25-34,B05,2026-02-19,084-xxx-1800,มหาวิทยาลัย,True,True
C01323,จิรา,หญิง,35-44,B04,2026-01-11,087-xxx-7590,บางนา,False,True
C01324,วีระ,ชาย,25-34,B01,2026-08-07,088-xxx-8025,สยาม,False,False
C01325,กมล,ชาย,35-44,B03,2026-05-06,083-xxx-7242,อารีย์,False,True
C01326,กมล,หญิง,18-24,B03,2026-09-08,084-xxx-4633,อารีย์,False,False
C01327,วรรณ,หญิง,55+,B05,2026-07-12,082-xxx-9486,มหาวิทยาลัย,False,False
C01328,กิตติ,ไม่ระบุ,18-24,B01,2026-07-19,081-xxx-1006,สยาม,False,True
C01329,จิรา,ชาย,25-34,B03,2025-12-16,084-xxx-4808,อารีย์,True,True
C01330,พิม,หญิง,35-44,B03,2026-08-17,081-xxx-7511,อารีย์,False,False
C01331,นภัส,ชาย,25-34,B02,2025-10-16,088-xxx-1692,สีลม,False,True
C01332,ชนา,ชาย,25-34,B03,2026-06-25,086-xxx-8965,อารีย์,False,True
C01333,จิรา,ชาย,45-54,B05,2026-01-08,083-xxx-6837,มหาวิทยาลัย,False,False
C01334,จิรา,ชาย,18-24,B04,2025-10-21,083-xxx-2892,บางนา,False,True
C01335,เกศ,หญิง,35-44,B03,2025-11-24,081-xxx-3494,อารีย์,False,True
C01336,ภูมิ,ชาย,18-24,B01,2025-05-14,088-xxx-7674,สยาม,False,True
C01337,ชนา,หญิง,18-24,B01,2025-07-09,085-xxx-8796,สยาม,False,True
C01338,จิรา,หญิง,18-24,B03,2026-04-21,085-xxx-9717,อารีย์,False,True
C01339,เกศ,หญิง,35-44,B03,2025-12-28,085-xxx-6092,อารีย์,False,True
C01340,ภัทร,หญิง,18-24,B05,2025-12-27,081-xxx-3940,มหาวิทยาลัย,False,True
C01341,ธีร,หญิง,25-34,B04,2026-01-19,089-xxx-8576,บางนา,False,True
C01342,มานพ,หญิง,35-44,B02,2025-07-27,084-xxx-2109,สีลม,False,True
C01343,ภูมิ,หญิง,25-34,B05,2026-04-16,086-xxx-5671,มหาวิทยาลัย,False,True
C01344,กิตติ,หญิง,18-24,B02,2026-05-02,081-xxx-4472,สีลม,False,True
C01345,ปวีณ,ชาย,18-24,B02,2025-11-12,081-xxx-8313,สีลม,False,False
C01346,กมล,หญิง,25-34,B01,2026-08-05,089-xxx-3165,สยาม,False,False
C01347,ภัทร,หญิง,55+,B02,2025-11-21,083-xxx-3541,สีลม,False,True
C01348,อัญชลี,หญิง,18-24,B01,2025-12-14,089-xxx-6378,สยาม,False,True
C01349,ธนา,หญิง,25-34,B05,2025-10-30,083-xxx-6925,มหาวิทยาลัย,False,True
C01350,อรุณ,หญิง,18-24,B02,2026-07-11,081-xxx-9271,สีลม,False,False
C01351,อรุณ,หญิง,18-24,B02,2026-06-26,081-xxx-5407,สีลม,False,True
C01352,ทิพย์,หญิง,25-34,B03,2026-05-24,083-xxx-5080,อารีย์,False,True
C01353,ภูมิ,หญิง,25-34,B01,2026-02-02,083-xxx-8292,สยาม,False,False
C01354,ทิพย์,หญิง,18-24,B03,2026-09-13,089-xxx-1643,อารีย์,False,False
C01355,นภัส,หญิง,45-54,B05,2026-01-22,081-xxx-9499,มหาวิทยาลัย,False,False
C01356,วรรณ,ชาย,45-54,B03,2026-05-12,084-xxx-8497,อารีย์,False,True
C01357,ทิพย์,หญิง,18-24,B02,2026-08-03,089-xxx-3286,สีลม,False,True
C01358,สมชาย,หญิง,35-44,B01,2026-06-14,081-xxx-5348,สยาม,False,True
C01359,กิตติ,ชาย,18-24,B01,2026-08-05,086-xxx-4365,สยาม,False,True
C01360,ปวีณ,ชาย,25-34,B01,2025-09-29,083-xxx-8614,สยาม,False,True
C01361,กมล,ชาย,35-44,B02,2025-10-13,085-xxx-3663,สีลม,False,True
C01362,วรรณ,ชาย,25-34,B02,2025-06-10,085-xxx-3900,สีลม,False,True
C01363,นภัส,หญิง,35-44,B04,2026-03-05,087-xxx-4632,บางนา,False,True
C01364,ศิริ,ชาย,25-34,B05,2025-10-23,084-xxx-6900,มหาวิทยาลัย,False,True
C01365,ภัทร,ชาย,45-54,B02,2025-07-10,085-xxx-2349,สีลม,False,True
C01366,กิตติ,ชาย,18-24,B03,2026-06-05,085-xxx-1703,อารีย์,False,True
C01367,รัตนา,หญิง,45-54,B01,2025-04-21,081-xxx-6276,สยาม,False,True
C01368,อัญชลี,หญิง,35-44,B05,2025-11-24,089-xxx-3738,มหาวิทยาลัย,False,True
C01369,นภัส,ชาย,35-44,B02,2025-09-29,083-xxx-7608,สีลม,False,True
C01370,อรุณ,หญิง,35-44,B01,2026-03-11,081-xxx-4947,สยาม,False,True
C01371,ภัทร,ชาย,35-44,B01,2025-09-19,086-xxx-3109,สยาม,False,True
C01372,อัญชลี,ชาย,ต่ำกว่า 18,B04,2025-12-24,083-xxx-4395,บางนา,False,True
C01373,ภูมิ,หญิง,18-24,B03,2026-08-11,088-xxx-3228,อารีย์,False,True
C01374,อัญชลี,ชาย,25-34,B02,2026-09-11,084-xxx-6310,สีลม,False,False
C01375,อัญชลี,หญิง,18-24,B03,2026-08-20,084-xxx-7906,อารีย์,False,True
C01376,นภัส,ชาย,25-34,B01,2025-06-17,083-xxx-5339,สยาม,False,True
C01377,ทิพย์,ชาย,18-24,B05,2025-12-27,082-xxx-8118,มหาวิทยาลัย,False,True
C01378,ชนา,ชาย,25-34,B01,2025-06-10,089-xxx-7456,สยาม,False,True
C01379,สุดา,หญิง,25-34,B02,2025-05-27,089-xxx-1262,สีลม,False,True
C01380,จิรา,หญิง,35-44,B05,2025-05-13,081-xxx-1040,มหาวิทยาลัย,False,True
C01381,วรรณ,หญิง,18-24,B01,2026-06-18,082-xxx-9328,สยาม,False,True
C01382,ปวีณ,ชาย,18-24,B05,2025-10-27,088-xxx-2607,มหาวิทยาลัย,False,True
C01383,ปิยะ,ชาย,18-24,B05,2025-04-02,089-xxx-8360,มหาวิทยาลัย,False,True
C01384,ภูมิ,หญิง,45-54,B02,2026-04-27,089-xxx-7946,สีลม,False,True
C01385,ณัฐ,หญิง,35-44,B02,2026-06-03,086-xxx-7479,สีลม,False,True
C01386,เกศ,ชาย,45-54,B01,2026-05-25,085-xxx-8784,สยาม,False,True
C01387,ภัทร,หญิง,18-24,B02,2026-07-19,084-xxx-6043,สีลม,False,False
C01388,อรุณ,ชาย,18-24,B02,2025-12-27,084-xxx-2371,สีลม,False,True
C01389,ภูมิ,ชาย,35-44,B02,2026-05-22,087-xxx-1706,สีลม,False,False
C01390,ปวีณ,ชาย,18-24,B01,2025-07-07,085-xxx-7375,สยาม,False,True
C01391,ธีร,หญิง,25-34,B05,2025-12-23,084-xxx-8513,มหาวิทยาลัย,False,True
C01392,สมชาย,ชาย,25-34,B04,2025-05-01,084-xxx-9101,บางนา,False,True
C01393,วีระ,หญิง,25-34,B01,2026-05-13,084-xxx-5080,สยาม,False,True
C01394,ศิริ,หญิง,18-24,B04,2025-10-07,082-xxx-3093,บางนา,False,True
C01395,จิรา,ชาย,55+,B01,2025-06-24,083-xxx-8508,สยาม,False,True
C01396,นภัส,ชาย,25-34,B01,2026-01-16,082-xxx-1031,สยาม,False,True
C01397,รัตนา,หญิง,45-54,B04,2026-03-31,083-xxx-7484,บางนา,False,True
C01398,มานพ,ชาย,25-34,B04,2025-07-08,086-xxx-5881,บางนา,False,True
C01399,สมชาย,ชาย,18-24,B02,2026-02-07,082-xxx-8222,สีลม,False,True
C01400,ณัฐ,ชาย,55+,B03,2026-03-19,082-xxx-7094,อารีย์,False,True
C01401,ภัทร,ชาย,35-44,B05,2026-03-07,087-xxx-9476,มหาวิทยาลัย,False,True
C01402,ภูมิ,ชาย,45-54,B03,2026-03-15,085-xxx-3082,อารีย์,False,True
C01403,เกศ,ชาย,35-44,B05,2026-07-27,086-xxx-6216,มหาวิทยาลัย,False,True
C01404,ณัฐ,หญิง,ต่ำกว่า 18,B01,2026-02-16,087-xxx-2185,สยาม,False,True
C01405,ภัทร,หญิง,55+,B04,2025-05-19,086-xxx-5390,บางนา,False,True
C01406,ปิยะ,หญิง,18-24,B02,2026-03-20,086-xxx-7127,สีลม,True,True
C01407,กิตติ,หญิง,18-24,B02,2025-05-01,084-xxx-6836,สีลม,False,True
C01408,อัญชลี,หญิง,25-34,B04,2025-12-01,081-xxx-7316,บางนา,False,True
C01409,ภูมิ,หญิง,25-34,B05,2026-07-25,086-xxx-4331,มหาวิทยาลัย,False,False
C01410,ธีร,หญิง,25-34,B02,2025-09-01,082-xxx-6049,สีลม,False,True
C01411,วรรณ,หญิง,25-34,B01,2025-11-18,086-xxx-9760,สยาม,False,True
C01412,ทิพย์,ชาย,35-44,B05,2025-11-09,086-xxx-5478,มหาวิทยาลัย,False,True
C01413,รัตนา,หญิง,55+,B01,2026-07-19,089-xxx-3043,สยาม,False,True
C01414,อัญชลี,หญิง,35-44,B02,2026-01-28,088-xxx-3994,สีลม,False,True
C01415,ปิยะ,ชาย,45-54,B02,2026-07-12,087-xxx-2067,สีลม,False,False
C01416,ภูมิ,หญิง,55+,B01,2025-10-30,084-xxx-2500,สยาม,False,False
C01417,สมชาย,หญิง,25-34,B01,2025-04-19,083-xxx-3977,สยาม,False,True
C01418,ภัทร,หญิง,18-24,B01,2026-04-03,087-xxx-6007,สยาม,False,True
C01419,ปิยะ,ชาย,18-24,B01,2025-05-12,088-xxx-5991,สยาม,False,True
C01420,สุดา,หญิง,18-24,B01,2025-11-15,083-xxx-8071,สยาม,False,True
C01421,สุดา,หญิง,35-44,B04,2025-10-29,083-xxx-3698,บางนา,False,True
C01422,นภัส,หญิง,45-54,B03,2026-01-15,085-xxx-1799,อารีย์,False,True
C01423,ปิยะ,ชาย,35-44,B01,2025-05-17,086-xxx-4456,สยาม,False,True
C01424,วรรณ,ชาย,25-34,B05,2026-02-17,083-xxx-5127,มหาวิทยาลัย,False,False
C01425,ธนา,หญิง,45-54,B05,2026-03-17,084-xxx-2945,มหาวิทยาลัย,False,True
C01426,ธีร,ไม่ระบุ,35-44,B05,2025-11-02,088-xxx-4135,มหาวิทยาลัย,False,True
C01427,ปิยะ,ชาย,25-34,B02,2026-07-21,082-xxx-9720,สีลม,False,True
C01428,ธีร,ชาย,35-44,B02,2026-08-30,087-xxx-6778,สีลม,True,True
C01429,นภัส,ชาย,35-44,B04,2026-09-11,084-xxx-9224,บางนา,False,False
C01430,ภัทร,ชาย,45-54,B04,2025-04-23,089-xxx-5522,บางนา,False,True
C01431,สุดา,หญิง,35-44,B04,2026-07-23,088-xxx-4233,บางนา,False,True
C01432,วรรณ,ชาย,25-34,B02,2025-04-05,089-xxx-8387,สีลม,False,True
C01433,อัญชลี,ชาย,55+,B05,2025-11-11,085-xxx-8215,มหาวิทยาลัย,False,True
C01434,วีระ,หญิง,25-34,B04,2026-02-07,085-xxx-2249,บางนา,False,True
C01435,นภัส,หญิง,ต่ำกว่า 18,B04,2025-09-23,087-xxx-7275,บางนา,False,True
C01436,สุดา,หญิง,35-44,B02,2025-12-22,089-xxx-7026,สีลม,False,True
C01437,เกศ,หญิง,25-34,B01,2026-03-10,082-xxx-2693,สยาม,False,True
C01438,ธนา,หญิง,25-34,B04,2025-09-17,089-xxx-5633,บางนา,False,True
C01439,กมล,หญิง,35-44,B01,2026-07-29,083-xxx-4565,สยาม,False,True
C01440,วรรณ,หญิง,25-34,B02,2025-09-25,087-xxx-7884,สีลม,False,True
C01441,อรุณ,หญิง,25-34,B01,2026-01-25,083-xxx-2568,สยาม,False,True
C01442,ปวีณ,หญิง,18-24,B01,2025-05-22,088-xxx-1104,สยาม,False,True
C01443,มานพ,หญิง,25-34,B05,2026-04-25,084-xxx-3771,มหาวิทยาลัย,True,True
C01444,ภัทร,ชาย,25-34,B05,2025-10-31,083-xxx-2793,มหาวิทยาลัย,False,True
C01445,นภัส,ชาย,ต่ำกว่า 18,B01,2026-07-10,088-xxx-6825,สยาม,False,True
C01446,มานพ,ชาย,25-34,B01,2025-11-18,084-xxx-6411,สยาม,False,True
C01447,ปวีณ,ไม่ระบุ,35-44,B02,2025-07-24,082-xxx-5797,สีลม,False,True
C01448,ธีร,หญิง,45-54,B01,2026-04-02,083-xxx-5469,สยาม,False,False
C01449,ปิยะ,ชาย,35-44,B02,2025-06-13,081-xxx-2663,สีลม,False,True
C01450,อรุณ,ชาย,35-44,B01,2026-09-13,088-xxx-9789,สยาม,False,False
C01451,สุดา,หญิง,25-34,B02,2026-04-28,081-xxx-7400,สีลม,False,True
C01452,ธนา,ชาย,18-24,B01,2025-05-16,084-xxx-4954,สยาม,False,True
C01453,อัญชลี,หญิง,25-34,B05,2026-06-18,085-xxx-5366,มหาวิทยาลัย,False,True
C01454,พิม,หญิง,25-34,B01,2025-09-01,088-xxx-6676,สยาม,False,True
C01455,กมล,หญิง,35-44,B02,2026-09-14,082-xxx-4565,สีลม,False,False
C01456,กมล,ชาย,25-34,B03,2025-11-19,085-xxx-8443,อารีย์,False,True
C01457,อรุณ,หญิง,35-44,B03,2026-05-02,085-xxx-7093,อารีย์,True,False
C01458,นภัส,ชาย,35-44,B03,2026-03-19,087-xxx-6394,อารีย์,False,True
C01459,กมล,หญิง,25-34,B02,2025-08-04,083-xxx-1473,สีลม,False,True
C01460,จิรา,หญิง,18-24,B02,2026-09-10,086-xxx-6274,สีลม,True,True
C01461,ภัทร,หญิง,45-54,B01,2026-08-10,085-xxx-4044,สยาม,False,False
C01462,สุดา,หญิง,45-54,B04,2025-06-21,084-xxx-1682,บางนา,False,True
C01463,รัตนา,ชาย,18-24,B04,2026-06-12,082-xxx-4654,บางนา,False,True
C01464,ปิยะ,หญิง,25-34,B01,2026-07-04,087-xxx-4268,สยาม,False,False
C01465,รัตนา,ชาย,25-34,B05,2026-07-08,086-xxx-1003,มหาวิทยาลัย,False,True
C01466,กมล,หญิง,18-24,B05,2026-01-21,084-xxx-9785,มหาวิทยาลัย,False,True
C01467,ธีร,หญิง,25-34,B01,2026-05-19,084-xxx-9424,สยาม,False,True
C01468,วรรณ,หญิง,45-54,B02,2025-06-22,086-xxx-8259,สีลม,False,True
C01469,กิตติ,ชาย,25-34,B05,2026-02-08,085-xxx-6281,มหาวิทยาลัย,False,True
C01470,ภูมิ,หญิง,35-44,B02,2025-10-06,088-xxx-8339,สีลม,False,True
C01471,ธนา,ชาย,18-24,B05,2025-07-12,084-xxx-4395,มหาวิทยาลัย,False,True
C01472,กมล,หญิง,55+,B01,2025-06-06,086-xxx-1180,สยาม,False,True
C01473,พิม,หญิง,45-54,B02,2026-08-30,088-xxx-8531,สีลม,False,False
C01474,กิตติ,หญิง,25-34,B04,2025-12-26,089-xxx-4901,บางนา,False,True
C01475,สมชาย,ชาย,45-54,B02,2026-09-01,088-xxx-6389,สีลม,False,False
C01476,ศิริ,หญิง,45-54,B02,2025-10-19,087-xxx-9714,สีลม,False,True
C01477,จิรา,ชาย,25-34,B01,2026-01-15,089-xxx-2894,สยาม,True,True
C01478,รัตนา,ชาย,35-44,B01,2026-07-15,081-xxx-5032,สยาม,False,True
C01479,ธีร,ชาย,45-54,B04,2025-10-22,084-xxx-5425,บางนา,False,True
C01480,กมล,หญิง,35-44,B03,2026-04-24,081-xxx-4380,อารีย์,False,True
C01481,รัตนา,หญิง,35-44,B01,2026-08-10,082-xxx-3985,สยาม,False,False
C01482,กมล,หญิง,25-34,B05,2025-09-20,083-xxx-5083,มหาวิทยาลัย,True,True
C01483,อรุณ,ชาย,25-34,B01,2026-03-05,083-xxx-9544,สยาม,False,True
C01484,อัญชลี,หญิง,25-34,B04,2025-06-15,081-xxx-8579,บางนา,False,True
C01485,มานพ,หญิง,25-34,B02,2026-02-01,081-xxx-5299,สีลม,False,True
C01486,กิตติ,หญิง,25-34,B05,2025-06-11,083-xxx-6977,มหาวิทยาลัย,False,True
C01487,ภัทร,หญิง,18-24,B05,2025-05-05,083-xxx-2054,มหาวิทยาลัย,False,True
C01488,ปวีณ,ชาย,ต่ำกว่า 18,B01,2025-11-06,082-xxx-8467,สยาม,False,True
C01489,กมล,ชาย,25-34,B05,2025-05-20,087-xxx-7831,มหาวิทยาลัย,False,True
C01490,พิม,หญิง,25-34,B02,2025-09-12,088-xxx-4456,สีลม,False,True
C01491,สุดา,ชาย,35-44,B01,2026-04-09,084-xxx-3378,สยาม,False,True
C01492,วรรณ,หญิง,35-44,B01,2026-05-23,085-xxx-3209,สยาม,False,True
C01493,ศิริ,ชาย,25-34,B02,2026-07-16,081-xxx-3152,สีลม,False,True
C01494,จิรา,ชาย,25-34,B04,2026-06-03,088-xxx-9683,บางนา,False,True
C01495,จิรา,หญิง,18-24,B02,2025-04-06,089-xxx-6276,สีลม,False,True
C01496,กมล,หญิง,18-24,B03,2026-01-18,082-xxx-6619,อารีย์,False,True
C01497,อัญชลี,หญิง,25-34,B01,2026-07-09,081-xxx-7031,สยาม,False,False
C01498,ธีร,หญิง,45-54,B05,2026-06-21,084-xxx-6164,มหาวิทยาลัย,False,True
C01499,ศิริ,หญิง,25-34,B02,2025-06-27,083-xxx-8602,สีลม,False,True
C01500,พิม,ชาย,ต่ำกว่า 18,B02,2025-04-26,081-xxx-3398,สีลม,False,True
C01501,ธนา,หญิง,45-54,B04,2026-05-12,081-xxx-3146,บางนา,False,True
C01502,สมชาย,ชาย,25-34,B03,2025-12-04,083-xxx-2128,อารีย์,False,True
C01503,จิรา,หญิง,18-24,B02,2026-05-26,088-xxx-6664,สีลม,False,True
C01504,ธีร,ชาย,35-44,B01,2025-10-10,088-xxx-4866,สยาม,False,True
C01505,พิม,ชาย,35-44,B03,2026-07-09,087-xxx-6527,อารีย์,False,False
C01506,จิรา,หญิง,18-24,B03,2025-12-02,082-xxx-3407,อารีย์,False,True
C01507,มานพ,ชาย,25-34,B05,2026-05-31,088-xxx-6096,มหาวิทยาลัย,False,False
C01508,ณัฐ,หญิง,35-44,B01,2026-05-09,083-xxx-1290,สยาม,False,True
C01509,จิรา,ชาย,45-54,B02,2025-11-29,087-xxx-3237,สีลม,False,True
C01510,มานพ,หญิง,25-34,B03,2026-07-15,082-xxx-4112,อารีย์,False,True
C01511,สุดา,หญิง,25-34,B03,2026-02-25,084-xxx-5577,อารีย์,False,True
C01512,เกศ,ชาย,25-34,B02,2026-09-03,081-xxx-3125,สีลม,False,True
C01513,กมล,ชาย,25-34,B05,2025-10-06,083-xxx-8246,มหาวิทยาลัย,False,True
C01514,ณัฐ,หญิง,18-24,B01,2026-04-01,087-xxx-6263,สยาม,False,False
C01515,ธีร,หญิง,18-24,B02,2025-04-15,089-xxx-7149,สีลม,False,True
C01516,ปวีณ,หญิง,18-24,B04,2025-06-20,086-xxx-1464,บางนา,False,True
C01517,ธีร,หญิง,35-44,B01,2026-03-12,081-xxx-7779,สยาม,False,True
C01518,รัตนา,หญิง,45-54,B05,2026-08-06,087-xxx-4191,มหาวิทยาลัย,False,True
C01519,พิม,หญิง,45-54,B02,2026-02-16,084-xxx-7615,สีลม,False,True
C01520,ชนา,หญิง,25-34,B01,2026-04-15,087-xxx-2207,สยาม,False,True
C01521,ทิพย์,หญิง,25-34,B01,2025-05-26,081-xxx-3814,สยาม,False,False
C01522,อัญชลี,หญิง,18-24,B04,2026-03-28,081-xxx-3514,บางนา,False,True
C01523,ปิยะ,ชาย,55+,B05,2025-07-18,083-xxx-4524,มหาวิทยาลัย,False,False
C01524,วรรณ,ชาย,35-44,B05,2025-09-06,088-xxx-2976,มหาวิทยาลัย,False,True
C01525,ธีร,ชาย,45-54,B05,2025-09-29,085-xxx-2582,มหาวิทยาลัย,False,True
C01526,กมล,ชาย,45-54,B03,2026-02-05,086-xxx-4100,อารีย์,False,True
C01527,สุดา,หญิง,25-34,B02,2025-09-22,084-xxx-9155,สีลม,False,True
C01528,ปวีณ,ชาย,25-34,B01,2026-02-12,088-xxx-7550,สยาม,False,True
C01529,ธนา,ชาย,25-34,B02,2026-07-18,085-xxx-8851,สีลม,False,True
C01530,ศิริ,ชาย,45-54,B03,2026-07-17,088-xxx-9674,อารีย์,False,True
C01531,ภัทร,หญิง,35-44,B01,2025-07-12,085-xxx-7220,สยาม,False,True
C01532,ภัทร,ชาย,18-24,B01,2025-11-30,085-xxx-7054,สยาม,False,True
C01533,ภูมิ,ชาย,25-34,B05,2026-04-29,081-xxx-3311,มหาวิทยาลัย,False,True
C01534,ชนา,หญิง,18-24,B02,2025-08-15,084-xxx-5785,สีลม,False,True
C01535,ธีร,ชาย,18-24,B01,2025-10-24,086-xxx-4050,สยาม,False,True
C01536,กมล,หญิง,45-54,B01,2025-10-05,087-xxx-7685,สยาม,True,True
C01537,ทิพย์,หญิง,35-44,B04,2025-12-20,088-xxx-7415,บางนา,False,True
C01538,วรรณ,หญิง,45-54,B01,2025-08-14,082-xxx-1297,สยาม,False,True
C01539,สุดา,ชาย,18-24,B03,2025-12-25,089-xxx-6164,อารีย์,False,True
C01540,พิม,หญิง,45-54,B05,2026-07-08,088-xxx-2622,มหาวิทยาลัย,False,True
C01541,ธีร,หญิง,25-34,B05,2026-03-03,082-xxx-1222,มหาวิทยาลัย,False,True
C01542,รัตนา,หญิง,18-24,B04,2026-08-28,089-xxx-5523,บางนา,False,True
C01543,พิม,หญิง,55+,B05,2025-11-17,082-xxx-4879,มหาวิทยาลัย,False,True
C01544,วีระ,ชาย,18-24,B01,2025-12-01,086-xxx-7367,สยาม,False,True
C01545,ภัทร,หญิง,ต่ำกว่า 18,B02,2026-04-27,089-xxx-6535,สีลม,False,True
C01546,ชนา,ชาย,18-24,B04,2026-01-11,084-xxx-1266,บางนา,True,True
C01547,กิตติ,ชาย,35-44,B05,2025-10-15,083-xxx-2010,มหาวิทยาลัย,False,False
C01548,ธีร,ชาย,35-44,B03,2026-01-08,081-xxx-3904,อารีย์,False,True
C01549,ภัทร,หญิง,45-54,B02,2025-09-14,081-xxx-5316,สีลม,False,True
C01550,วีระ,หญิง,35-44,B02,2026-01-27,086-xxx-9612,สีลม,False,True
C01551,ภูมิ,หญิง,55+,B04,2025-09-27,087-xxx-1485,บางนา,False,True
C01552,วรรณ,หญิง,45-54,B05,2026-01-24,087-xxx-1116,มหาวิทยาลัย,False,True
C01553,เกศ,หญิง,25-34,B01,2026-03-30,089-xxx-7685,สยาม,False,True
C01554,ภัทร,ชาย,35-44,B05,2025-05-26,089-xxx-9636,มหาวิทยาลัย,False,True
C01555,ปิยะ,หญิง,35-44,B01,2025-12-22,084-xxx-2355,สยาม,False,True
C01556,ปวีณ,หญิง,18-24,B01,2026-07-31,087-xxx-3245,สยาม,False,True
C01557,ปิยะ,หญิง,35-44,B02,2025-06-26,086-xxx-2889,สีลม,False,False
C01558,ธีร,หญิง,25-34,B01,2025-05-24,087-xxx-4644,สยาม,False,True
C01559,ชนา,ชาย,18-24,B03,2026-08-11,086-xxx-3140,อารีย์,False,True
C01560,ณัฐ,หญิง,25-34,B02,2025-10-28,081-xxx-9063,สีลม,False,False
C01561,อัญชลี,หญิง,ต่ำกว่า 18,B02,2026-02-02,084-xxx-3970,สีลม,False,True
C01562,ภัทร,ชาย,25-34,B05,2025-05-02,081-xxx-7536,มหาวิทยาลัย,False,True
C01563,ชนา,หญิง,ต่ำกว่า 18,B02,2025-09-17,089-xxx-7733,สีลม,False,True
C01564,ปิยะ,ชาย,35-44,B05,2025-06-15,087-xxx-9297,มหาวิทยาลัย,False,True
C01565,จิรา,หญิง,18-24,B02,2026-09-05,087-xxx-2727,สีลม,False,False
C01566,ภูมิ,ชาย,18-24,B04,2025-12-14,085-xxx-2798,บางนา,False,True
C01567,ธีร,หญิง,45-54,B01,2026-06-12,086-xxx-3053,สยาม,False,True
C01568,เกศ,หญิง,25-34,B04,2025-04-17,081-xxx-4615,บางนา,False,True
C01569,ชนา,ชาย,18-24,B04,2026-08-28,084-xxx-6987,บางนา,False,False
C01570,อรุณ,หญิง,18-24,B02,2026-08-23,089-xxx-8611,สีลม,False,False
C01571,ทิพย์,ชาย,25-34,B05,2026-05-13,082-xxx-4182,มหาวิทยาลัย,False,True
C01572,เกศ,ชาย,35-44,B04,2026-04-26,088-xxx-6719,บางนา,False,True
C01573,วีระ,หญิง,ต่ำกว่า 18,B02,2026-06-03,085-xxx-1669,สีลม,False,True
C01574,จิรา,หญิง,45-54,B05,2025-04-15,089-xxx-1754,มหาวิทยาลัย,False,True
C01575,ปวีณ,ชาย,18-24,B02,2026-09-11,081-xxx-6387,สีลม,False,True
C01576,สุดา,หญิง,25-34,B02,2026-05-11,081-xxx-4667,สีลม,False,True
C01577,ปิยะ,ชาย,18-24,B02,2026-08-10,083-xxx-6474,สีลม,False,False
C01578,ภูมิ,หญิง,35-44,B05,2026-07-05,088-xxx-6157,มหาวิทยาลัย,False,False
C01579,ชนา,หญิง,45-54,B04,2026-05-14,083-xxx-7777,บางนา,False,True
C01580,ภูมิ,หญิง,18-24,B03,2025-12-07,083-xxx-8342,อารีย์,False,True
C01581,กมล,ชาย,35-44,B05,2025-04-06,082-xxx-4538,มหาวิทยาลัย,False,True
C01582,ภัทร,ชาย,35-44,B04,2026-04-27,084-xxx-6302,บางนา,False,True
C01583,วรรณ,ชาย,55+,B02,2026-08-16,081-xxx-9135,สีลม,False,True
C01584,ธนา,ชาย,25-34,B05,2026-01-20,081-xxx-4184,มหาวิทยาลัย,False,True
C01585,อรุณ,ชาย,25-34,B04,2026-04-16,085-xxx-3169,บางนา,False,True
C01586,ภัทร,หญิง,18-24,B05,2026-05-01,086-xxx-1846,มหาวิทยาลัย,False,True
C01587,ภัทร,ชาย,18-24,B04,2026-06-23,089-xxx-4837,บางนา,False,True
C01588,กิตติ,หญิง,18-24,B05,2025-10-02,087-xxx-9549,มหาวิทยาลัย,False,True
C01589,ทิพย์,หญิง,ต่ำกว่า 18,B05,2026-02-03,084-xxx-7481,มหาวิทยาลัย,False,True
C01590,กิตติ,ชาย,25-34,B05,2026-05-06,089-xxx-1810,มหาวิทยาลัย,False,True
C01591,เกศ,หญิง,45-54,B05,2025-12-05,082-xxx-5944,มหาวิทยาลัย,False,False
C01592,รัตนา,หญิง,45-54,B05,2025-09-10,087-xxx-4856,มหาวิทยาลัย,False,True
C01593,กมล,หญิง,18-24,B02,2026-09-01,085-xxx-8533,สีลม,False,True
C01594,สมชาย,ชาย,25-34,B05,2026-04-18,086-xxx-9858,มหาวิทยาลัย,False,True
C01595,กิตติ,ชาย,45-54,B05,2026-08-16,081-xxx-1339,มหาวิทยาลัย,False,False
C01596,นภัส,ชาย,18-24,B02,2026-03-13,084-xxx-2534,สีลม,False,True
C01597,รัตนา,ชาย,25-34,B01,2025-11-22,084-xxx-8049,สยาม,False,True
C01598,ธีร,หญิง,25-34,B01,2025-11-07,084-xxx-3969,สยาม,False,True
C01599,ภัทร,หญิง,45-54,B02,2026-03-15,086-xxx-4738,สีลม,False,True
C01600,จิรา,หญิง,35-44,B01,2025-09-28,083-xxx-7110,สยาม,False,True
C01601,ภัทร,ชาย,35-44,B04,2026-03-30,088-xxx-9635,บางนา,False,True
C01602,นภัส,หญิง,45-54,B01,2026-01-21,084-xxx-9320,สยาม,False,True
C01603,สมชาย,หญิง,18-24,B01,2026-06-01,087-xxx-1751,สยาม,False,True
C01604,กมล,ชาย,18-24,B02,2026-09-13,083-xxx-1816,สีลม,False,False
C01605,สุดา,หญิง,45-54,B02,2026-03-20,088-xxx-7594,สีลม,False,True
C01606,ธีร,ชาย,25-34,B01,2025-06-23,081-xxx-7687,สยาม,False,True
C01607,สมชาย,หญิง,35-44,B02,2026-06-23,087-xxx-8068,สีลม,False,False
C01608,จิรา,ชาย,25-34,B01,2025-09-05,081-xxx-9450,สยาม,False,True
C01609,วีระ,หญิง,45-54,B01,2025-11-10,089-xxx-9508,สยาม,False,True
C01610,กิตติ,ชาย,45-54,B01,2025-07-02,087-xxx-2779,สยาม,False,True
C01611,วีระ,ชาย,35-44,B04,2025-12-05,089-xxx-8564,บางนา,False,True
C01612,นภัส,ชาย,25-34,B05,2025-12-13,087-xxx-7186,มหาวิทยาลัย,False,True
C01613,สุดา,หญิง,18-24,B01,2026-05-02,085-xxx-9212,สยาม,False,False
C01614,ธนา,ไม่ระบุ,45-54,B04,2025-07-20,088-xxx-4837,บางนา,False,True
C01615,สุดา,ชาย,18-24,B04,2026-04-30,085-xxx-1911,บางนา,False,True
C01616,นภัส,ชาย,25-34,B03,2026-01-07,087-xxx-7795,อารีย์,False,True
C01617,เกศ,หญิง,25-34,B03,2026-04-18,088-xxx-1515,อารีย์,False,True
C01618,สุดา,ชาย,ต่ำกว่า 18,B04,2026-09-08,088-xxx-7640,บางนา,False,False
C01619,ชนา,ชาย,18-24,B01,2025-10-28,082-xxx-3694,สยาม,False,True
C01620,มานพ,ชาย,35-44,B02,2025-05-14,081-xxx-7144,สีลม,False,True
C01621,ธนา,หญิง,35-44,B03,2026-05-31,088-xxx-9405,อารีย์,False,True
C01622,สุดา,ไม่ระบุ,25-34,B04,2026-03-18,083-xxx-3291,บางนา,False,True
C01623,ธีร,หญิง,35-44,B01,2026-04-02,085-xxx-8928,สยาม,True,True
C01624,จิรา,หญิง,18-24,B01,2025-12-11,084-xxx-7205,สยาม,False,True
C01625,ณัฐ,ไม่ระบุ,ต่ำกว่า 18,B03,2026-02-16,081-xxx-1272,อารีย์,False,True
C01626,ภัทร,ชาย,18-24,B02,2026-08-16,082-xxx-2824,สีลม,False,True
C01627,ธนา,หญิง,18-24,B05,2026-02-13,085-xxx-4429,มหาวิทยาลัย,False,True
C01628,ทิพย์,ชาย,25-34,B03,2026-07-06,082-xxx-1770,อารีย์,False,False
C01629,ภูมิ,ไม่ระบุ,18-24,B04,2026-02-15,082-xxx-7791,บางนา,False,False
C01630,อัญชลี,ชาย,55+,B01,2025-07-27,085-xxx-7448,สยาม,False,True
C01631,อัญชลี,หญิง,18-24,B02,2025-06-15,085-xxx-2102,สีลม,False,True
C01632,ณัฐ,หญิง,ต่ำกว่า 18,B05,2026-08-26,089-xxx-3952,มหาวิทยาลัย,False,False
C01633,กมล,หญิง,45-54,B05,2025-08-05,081-xxx-9642,มหาวิทยาลัย,False,True
C01634,กิตติ,หญิง,18-24,B05,2025-09-26,087-xxx-7518,มหาวิทยาลัย,False,True
C01635,ธีร,หญิง,18-24,B01,2026-04-28,081-xxx-8023,สยาม,True,False
C01636,ชนา,หญิง,ต่ำกว่า 18,B05,2025-04-09,089-xxx-8972,มหาวิทยาลัย,False,True
C01637,นภัส,ชาย,35-44,B02,2026-08-11,081-xxx-7786,สีลม,False,False
C01638,ภูมิ,หญิง,25-34,B01,2026-03-11,085-xxx-4243,สยาม,False,True
C01639,ทิพย์,หญิง,18-24,B02,2026-02-04,087-xxx-2429,สีลม,False,True
C01640,ชนา,ชาย,35-44,B04,2026-06-29,087-xxx-8811,บางนา,False,True
C01641,ธนา,หญิง,35-44,B02,2025-08-07,083-xxx-5803,สีลม,False,True
C01642,อรุณ,หญิง,25-34,B03,2026-09-13,082-xxx-6059,อารีย์,False,False
C01643,อรุณ,ชาย,18-24,B05,2026-08-11,083-xxx-9131,มหาวิทยาลัย,False,True
C01644,ณัฐ,หญิง,25-34,B01,2025-04-22,084-xxx-1203,สยาม,False,True
C01645,พิม,หญิง,35-44,B03,2026-01-26,089-xxx-6442,อารีย์,False,True
C01646,วรรณ,ชาย,35-44,B01,2026-07-27,084-xxx-4145,สยาม,False,False
C01647,ปวีณ,หญิง,25-34,B04,2025-08-20,086-xxx-9481,บางนา,False,True
C01648,ณัฐ,ชาย,18-24,B02,2025-07-07,083-xxx-4687,สีลม,False,False
C01649,ทิพย์,หญิง,25-34,B05,2025-12-30,089-xxx-7387,มหาวิทยาลัย,False,True
C01650,สุดา,ไม่ระบุ,35-44,B03,2026-07-05,082-xxx-8763,อารีย์,False,True
C01651,ภัทร,หญิง,35-44,B03,2025-12-27,082-xxx-2536,อารีย์,False,True
C01652,อัญชลี,ไม่ระบุ,45-54,B05,2026-02-14,085-xxx-2390,มหาวิทยาลัย,False,True
C01653,จิรา,ชาย,25-34,B04,2025-10-21,082-xxx-8408,บางนา,False,True
C01654,กมล,ไม่ระบุ,45-54,B01,2025-12-23,089-xxx-3909,สยาม,False,True
C01655,สมชาย,หญิง,45-54,B05,2026-07-20,083-xxx-2786,มหาวิทยาลัย,False,True
C01656,ภัทร,หญิง,55+,B02,2025-06-20,088-xxx-5136,สีลม,False,True
C01657,อัญชลี,หญิง,18-24,B03,2026-08-01,081-xxx-1630,อารีย์,False,True
C01658,ปิยะ,ไม่ระบุ,25-34,B01,2025-09-15,085-xxx-5988,สยาม,False,True
C01659,รัตนา,หญิง,35-44,B02,2026-01-21,081-xxx-4963,สีลม,False,True
C01660,ภัทร,หญิง,35-44,B01,2025-06-14,084-xxx-3170,สยาม,False,False
C01661,ณัฐ,หญิง,25-34,B04,2026-07-21,087-xxx-3481,บางนา,False,False
C01662,ภูมิ,ชาย,18-24,B05,2026-09-02,082-xxx-3844,มหาวิทยาลัย,False,False
C01663,ศิริ,หญิง,45-54,B05,2025-12-30,085-xxx-7006,มหาวิทยาลัย,False,True
C01664,กมล,หญิง,25-34,B01,2025-06-16,089-xxx-5470,สยาม,False,True
C01665,ธีร,หญิง,18-24,B03,2025-12-02,088-xxx-3192,อารีย์,False,True
C01666,วรรณ,ชาย,18-24,B03,2026-03-18,087-xxx-2665,อารีย์,False,True
C01667,กมล,หญิง,25-34,B01,2025-04-05,082-xxx-9417,สยาม,False,True
C01668,ทิพย์,หญิง,18-24,B04,2025-04-21,088-xxx-3038,บางนา,False,True
C01669,พิม,หญิง,35-44,B05,2025-04-10,087-xxx-8915,มหาวิทยาลัย,False,True
C01670,กมล,หญิง,18-24,B01,2026-02-07,081-xxx-1016,สยาม,False,True
C01671,พิม,หญิง,18-24,B04,2025-06-16,088-xxx-3107,บางนา,False,True
C01672,วีระ,ชาย,25-34,B02,2026-07-04,083-xxx-7925,สีลม,False,False
C01673,เกศ,ชาย,25-34,B02,2025-07-21,082-xxx-5671,สีลม,False,True
C01674,เกศ,หญิง,25-34,B05,2026-04-26,085-xxx-2095,มหาวิทยาลัย,False,True
C01675,นภัส,ชาย,25-34,B02,2025-07-16,081-xxx-6017,สีลม,False,True
C01676,ณัฐ,หญิง,35-44,B03,2025-12-11,084-xxx-4159,อารีย์,False,True
C01677,ศิริ,หญิง,18-24,B04,2026-02-20,081-xxx-1453,บางนา,False,True
C01678,จิรา,ชาย,18-24,B05,2025-08-24,089-xxx-8633,มหาวิทยาลัย,False,False
C01679,อัญชลี,หญิง,55+,B02,2026-04-28,085-xxx-7147,สีลม,False,True
C01680,เกศ,หญิง,35-44,B05,2026-06-14,081-xxx-1126,มหาวิทยาลัย,False,True
C01681,ธนา,ชาย,18-24,B01,2026-02-15,081-xxx-2255,สยาม,False,True
C01682,ภูมิ,หญิง,25-34,B05,2026-07-13,088-xxx-9918,มหาวิทยาลัย,False,True
C01683,ธีร,ไม่ระบุ,25-34,B03,2025-12-21,087-xxx-9868,อารีย์,False,True
C01684,สุดา,หญิง,35-44,B01,2026-01-13,088-xxx-2262,สยาม,False,True
C01685,อัญชลี,หญิง,ต่ำกว่า 18,B05,2026-01-31,086-xxx-6312,มหาวิทยาลัย,False,False
C01686,สมชาย,หญิง,45-54,B05,2025-04-08,086-xxx-5070,มหาวิทยาลัย,False,True
C01687,จิรา,ชาย,18-24,B04,2025-05-04,082-xxx-4554,บางนา,False,True
C01688,อรุณ,ชาย,18-24,B04,2026-05-08,089-xxx-2371,บางนา,False,True
C01689,ณัฐ,หญิง,25-34,B04,2026-05-12,088-xxx-4079,บางนา,False,True
C01690,ธีร,หญิง,35-44,B01,2025-04-18,086-xxx-7152,สยาม,False,True
C01691,ภูมิ,หญิง,25-34,B05,2025-04-17,087-xxx-1215,มหาวิทยาลัย,False,False
C01692,ศิริ,หญิง,25-34,B01,2025-05-09,086-xxx-5669,สยาม,False,False
C01693,ชนา,หญิง,35-44,B01,2026-02-22,081-xxx-1879,สยาม,False,False
C01694,รัตนา,หญิง,35-44,B01,2026-04-05,087-xxx-9809,สยาม,False,True
C01695,อัญชลี,ชาย,25-34,B05,2026-02-28,088-xxx-4993,มหาวิทยาลัย,False,True
C01696,ปวีณ,หญิง,35-44,B01,2026-01-18,082-xxx-4401,สยาม,False,True
C01697,ภัทร,ชาย,35-44,B02,2025-12-06,088-xxx-4768,สีลม,False,True
C01698,นภัส,หญิง,35-44,B02,2025-07-20,089-xxx-1264,สีลม,False,True
C01699,ทิพย์,หญิง,18-24,B03,2026-06-18,083-xxx-8403,อารีย์,False,True
C01700,ณัฐ,ชาย,45-54,B05,2025-09-25,083-xxx-4446,มหาวิทยาลัย,False,True
C01701,พิม,หญิง,35-44,B04,2026-09-05,082-xxx-5138,บางนา,False,False
C01702,จิรา,หญิง,ต่ำกว่า 18,B05,2026-04-01,081-xxx-3870,มหาวิทยาลัย,False,True
C01703,วีระ,หญิง,35-44,B05,2026-08-27,084-xxx-8727,มหาวิทยาลัย,False,True
C01704,ธีร,หญิง,35-44,B01,2026-07-18,088-xxx-8247,สยาม,False,True
C01705,มานพ,ชาย,35-44,B05,2026-03-09,088-xxx-5206,มหาวิทยาลัย,False,True
C01706,จิรา,หญิง,18-24,B02,2026-02-09,085-xxx-7812,สีลม,False,True
C01707,รัตนา,ชาย,18-24,B03,2026-09-07,088-xxx-9840,อารีย์,True,False
C01708,รัตนา,หญิง,35-44,B01,2025-09-05,084-xxx-3486,สยาม,False,True
C01709,ศิริ,ชาย,25-34,B02,2025-04-25,081-xxx-4252,สีลม,False,True
C01710,ธนา,ชาย,25-34,B05,2025-12-16,084-xxx-6906,มหาวิทยาลัย,False,True
C01711,ภูมิ,หญิง,55+,B02,2025-08-15,089-xxx-4572,สีลม,False,True
C01712,กมล,หญิง,25-34,B03,2026-08-21,089-xxx-9112,อารีย์,False,False
C01713,ศิริ,หญิง,18-24,B05,2026-01-04,082-xxx-5590,มหาวิทยาลัย,False,True
C01714,ธีร,หญิง,18-24,B05,2026-09-05,082-xxx-1515,มหาวิทยาลัย,False,True
C01715,อรุณ,ชาย,55+,B01,2025-05-27,087-xxx-9429,สยาม,False,True
C01716,ชนา,ไม่ระบุ,ต่ำกว่า 18,B02,2026-04-18,082-xxx-3039,สีลม,False,False
C01717,เกศ,ชาย,45-54,B01,2026-09-07,081-xxx-1981,สยาม,False,True
C01718,จิรา,หญิง,18-24,B01,2026-06-09,084-xxx-6742,สยาม,False,True
C01719,ปิยะ,หญิง,35-44,B01,2025-10-16,083-xxx-9378,สยาม,False,False
C01720,ภัทร,หญิง,25-34,B05,2025-10-31,085-xxx-2047,มหาวิทยาลัย,False,True
C01721,ศิริ,ชาย,25-34,B04,2026-01-24,081-xxx-7952,บางนา,False,True
C01722,อรุณ,ชาย,18-24,B02,2025-11-10,082-xxx-2372,สีลม,False,True
C01723,กิตติ,ชาย,25-34,B01,2026-01-11,083-xxx-5546,สยาม,False,True
C01724,ปวีณ,หญิง,35-44,B02,2026-06-07,081-xxx-2516,สีลม,False,False
C01725,ทิพย์,หญิง,25-34,B02,2025-11-12,089-xxx-6211,สีลม,False,True
C01726,ภูมิ,ชาย,18-24,B02,2025-08-17,086-xxx-9763,สีลม,False,True
C01727,ธนา,หญิง,35-44,B01,2025-12-28,082-xxx-5056,สยาม,False,True
C01728,กมล,หญิง,18-24,B05,2025-10-04,083-xxx-2017,มหาวิทยาลัย,False,True
C01729,อรุณ,หญิง,35-44,B01,2026-05-27,083-xxx-8491,สยาม,False,True
C01730,จิรา,ชาย,25-34,B01,2026-01-03,083-xxx-2247,สยาม,False,True
C01731,นภัส,หญิง,25-34,B04,2025-04-10,086-xxx-1133,บางนา,False,True
C01732,พิม,หญิง,ต่ำกว่า 18,B01,2025-10-21,082-xxx-5432,สยาม,False,True
C01733,สุดา,หญิง,25-34,B01,2026-05-25,082-xxx-2003,สยาม,False,False
C01734,นภัส,ชาย,18-24,B01,2026-07-24,085-xxx-7873,สยาม,False,False
C01735,พิม,หญิง,ต่ำกว่า 18,B03,2026-08-06,089-xxx-5860,อารีย์,False,True
C01736,ธนา,ชาย,25-34,B01,2026-08-19,084-xxx-2325,สยาม,False,False
C01737,สุดา,หญิง,ต่ำกว่า 18,B03,2026-07-11,087-xxx-9772,อารีย์,False,False
C01738,วีระ,หญิง,18-24,B03,2026-06-05,082-xxx-8697,อารีย์,False,True
C01739,สมชาย,หญิง,18-24,B02,2026-01-21,088-xxx-3111,สีลม,False,True
C01740,พิม,หญิง,35-44,B01,2026-08-30,081-xxx-9879,สยาม,False,True
C01741,ชนา,ไม่ระบุ,18-24,B02,2026-05-21,083-xxx-2065,สีลม,True,True
C01742,อัญชลี,ชาย,35-44,B04,2025-12-17,086-xxx-2291,บางนา,False,False
C01743,วรรณ,ชาย,25-34,B05,2025-04-29,081-xxx-2249,มหาวิทยาลัย,False,True
C01744,อรุณ,ชาย,25-34,B01,2026-04-05,084-xxx-7651,สยาม,False,False
C01745,กิตติ,หญิง,35-44,B04,2026-08-17,088-xxx-1693,บางนา,False,True
C01746,ชนา,ชาย,18-24,B04,2026-06-26,083-xxx-7165,บางนา,False,False
C01747,พิม,ชาย,25-34,B05,2025-12-12,085-xxx-6837,มหาวิทยาลัย,False,True
C01748,ภูมิ,ชาย,18-24,B04,2026-08-29,082-xxx-9072,บางนา,False,False
C01749,อัญชลี,ชาย,25-34,B03,2025-12-06,088-xxx-6511,อารีย์,False,True
C01750,อัญชลี,หญิง,45-54,B02,2026-06-20,081-xxx-8326,สีลม,False,False
C01751,กมล,หญิง,35-44,B02,2026-02-24,081-xxx-2126,สีลม,False,True
C01752,อัญชลี,ชาย,18-24,B05,2026-02-20,082-xxx-2689,มหาวิทยาลัย,False,True
C01753,พิม,หญิง,25-34,B01,2025-10-20,087-xxx-7592,สยาม,False,True
C01754,ทิพย์,ชาย,35-44,B05,2026-08-18,088-xxx-1058,มหาวิทยาลัย,False,False
C01755,วรรณ,หญิง,25-34,B03,2026-03-02,081-xxx-9209,อารีย์,False,True
C01756,จิรา,หญิง,35-44,B02,2026-08-29,087-xxx-8563,สีลม,False,False
C01757,อัญชลี,ชาย,18-24,B05,2026-08-17,084-xxx-8385,มหาวิทยาลัย,False,True
C01758,สุดา,หญิง,25-34,B05,2026-01-08,086-xxx-7127,มหาวิทยาลัย,True,False
C01759,ศิริ,หญิง,18-24,B01,2025-09-27,088-xxx-6767,สยาม,False,True
C01760,ปวีณ,หญิง,25-34,B03,2026-02-08,087-xxx-2029,อารีย์,False,True
C01761,ศิริ,หญิง,18-24,B01,2026-06-07,089-xxx-1139,สยาม,False,False
C01762,อรุณ,ชาย,25-34,B05,2026-03-21,082-xxx-4420,มหาวิทยาลัย,False,True
C01763,อัญชลี,ชาย,25-34,B02,2026-02-13,081-xxx-2887,สีลม,False,True
C01764,ชนา,หญิง,55+,B05,2025-09-22,082-xxx-2047,มหาวิทยาลัย,False,True
C01765,สมชาย,หญิง,45-54,B03,2026-06-20,086-xxx-6395,อารีย์,False,True
C01766,กมล,ชาย,25-34,B03,2025-12-30,084-xxx-8035,อารีย์,False,True
C01767,นภัส,หญิง,18-24,B04,2026-07-16,083-xxx-3833,บางนา,False,False
C01768,ชนา,หญิง,25-34,B01,2026-04-04,082-xxx-7231,สยาม,False,True
C01769,วีระ,หญิง,35-44,B05,2025-10-22,083-xxx-8520,มหาวิทยาลัย,False,True
C01770,รัตนา,ชาย,35-44,B02,2025-11-11,082-xxx-8593,สีลม,False,True
C01771,มานพ,หญิง,25-34,B02,2026-02-24,082-xxx-1957,สีลม,False,True
C01772,สุดา,หญิง,25-34,B05,2026-07-29,086-xxx-7441,มหาวิทยาลัย,False,False
C01773,อรุณ,หญิง,55+,B02,2026-01-29,082-xxx-9132,สีลม,False,True
C01774,อรุณ,หญิง,18-24,B04,2026-09-06,084-xxx-1951,บางนา,False,False
C01775,ปวีณ,ชาย,35-44,B05,2025-12-18,081-xxx-1975,มหาวิทยาลัย,False,True
C01776,สุดา,หญิง,18-24,B03,2026-01-04,087-xxx-5842,อารีย์,False,True
C01777,มานพ,ชาย,25-34,B01,2025-12-29,089-xxx-8005,สยาม,False,True
C01778,พิม,ไม่ระบุ,45-54,B02,2025-09-22,081-xxx-9410,สีลม,False,True
C01779,รัตนา,ชาย,45-54,B04,2025-08-09,087-xxx-9420,บางนา,False,True
C01780,ภัทร,หญิง,18-24,B04,2025-10-11,082-xxx-1558,บางนา,False,True
C01781,ศิริ,หญิง,45-54,B01,2025-04-27,083-xxx-1869,สยาม,False,True
C01782,ภัทร,หญิง,25-34,B02,2025-10-18,081-xxx-9799,สีลม,False,True
C01783,ภูมิ,หญิง,18-24,B02,2026-02-18,089-xxx-7040,สีลม,False,True
C01784,อัญชลี,หญิง,18-24,B02,2026-01-11,082-xxx-2023,สีลม,False,True
C01785,ณัฐ,หญิง,25-34,B02,2026-04-10,088-xxx-1445,สีลม,False,True
C01786,อัญชลี,ชาย,18-24,B05,2026-09-06,081-xxx-9139,มหาวิทยาลัย,False,False
C01787,สุดา,ชาย,18-24,B02,2026-04-05,084-xxx-5263,สีลม,False,True
C01788,วรรณ,ชาย,45-54,B02,2025-11-12,081-xxx-3166,สีลม,False,True
C01789,เกศ,หญิง,18-24,B01,2025-11-11,085-xxx-4727,สยาม,False,True
C01790,ชนา,หญิง,45-54,B03,2026-01-08,082-xxx-8047,อารีย์,False,True
C01791,มานพ,ชาย,25-34,B05,2026-02-22,087-xxx-5087,มหาวิทยาลัย,False,True
C01792,รัตนา,หญิง,18-24,B02,2025-08-07,083-xxx-6646,สีลม,False,False
C01793,ณัฐ,หญิง,45-54,B01,2025-05-18,087-xxx-3972,สยาม,False,True
C01794,ภูมิ,ชาย,18-24,B04,2026-04-10,085-xxx-6127,บางนา,False,True
C01795,ศิริ,ไม่ระบุ,18-24,B01,2025-06-05,082-xxx-6128,สยาม,False,True
C01796,ชนา,ชาย,55+,B02,2025-05-05,082-xxx-9604,สีลม,False,True
C01797,จิรา,ชาย,25-34,B01,2025-12-11,088-xxx-1045,สยาม,False,True
C01798,นภัส,ชาย,35-44,B02,2026-06-03,087-xxx-1544,สีลม,False,False
C01799,ทิพย์,หญิง,35-44,B01,2025-11-07,081-xxx-5915,สยาม,False,True
C01800,กมล,ชาย,35-44,B05,2026-04-23,088-xxx-7596,มหาวิทยาลัย,False,True
C01801,อรุณ,ชาย,25-34,B02,2026-02-16,085-xxx-9047,สีลม,False,True
C01802,ภูมิ,หญิง,18-24,B04,2025-07-14,083-xxx-8910,บางนา,False,True
C01803,กมล,ไม่ระบุ,25-34,B02,2025-12-12,089-xxx-7445,สีลม,False,True
C01804,ชนา,ชาย,25-34,B02,2025-10-10,088-xxx-5123,สีลม,False,True
C01805,สมชาย,หญิง,35-44,B04,2025-12-06,086-xxx-3828,บางนา,False,True
C01806,ธีร,หญิง,25-34,B03,2026-01-21,089-xxx-4235,อารีย์,False,True
C01807,พิม,หญิง,25-34,B01,2026-07-15,087-xxx-4213,สยาม,False,True
C01808,มานพ,หญิง,55+,B04,2026-05-18,084-xxx-3890,บางนา,False,True
C01809,กิตติ,หญิง,25-34,B01,2025-10-24,082-xxx-1984,สยาม,False,True
C01810,ภูมิ,หญิง,18-24,B02,2026-01-21,086-xxx-5717,สีลม,False,True
C01811,ภูมิ,ชาย,55+,B05,2026-01-20,089-xxx-2281,มหาวิทยาลัย,False,True
C01812,ศิริ,ชาย,35-44,B02,2026-08-26,084-xxx-1234,สีลม,False,False
C01813,ทิพย์,ไม่ระบุ,35-44,B05,2026-04-02,081-xxx-1621,มหาวิทยาลัย,False,True
C01814,ณัฐ,ชาย,18-24,B01,2026-03-01,085-xxx-9288,สยาม,False,True
C01815,พิม,หญิง,35-44,B04,2026-06-27,088-xxx-8637,บางนา,False,False
C01816,ภูมิ,ชาย,25-34,B02,2025-06-12,081-xxx-9010,สีลม,False,True
C01817,ธีร,หญิง,25-34,B05,2025-06-04,087-xxx-5284,มหาวิทยาลัย,False,True
C01818,พิม,ไม่ระบุ,25-34,B05,2025-07-20,084-xxx-1186,มหาวิทยาลัย,False,True
C01819,อรุณ,หญิง,18-24,B01,2025-04-24,088-xxx-2883,สยาม,False,False
C01820,รัตนา,หญิง,25-34,B01,2025-09-12,083-xxx-6391,สยาม,False,True
C01821,อรุณ,ชาย,25-34,B03,2025-12-31,087-xxx-6227,อารีย์,False,True
C01822,อัญชลี,หญิง,18-24,B02,2026-01-29,085-xxx-2325,สีลม,False,True
C01823,ธนา,หญิง,45-54,B02,2026-02-16,085-xxx-2555,สีลม,False,True
C01824,ธนา,หญิง,35-44,B03,2026-08-14,084-xxx-2473,อารีย์,False,False
C01825,กิตติ,หญิง,ต่ำกว่า 18,B03,2026-03-08,089-xxx-7376,อารีย์,False,True
C01826,อรุณ,ชาย,18-24,B02,2026-03-17,089-xxx-4016,สีลม,False,True
C01827,ธนา,ชาย,55+,B02,2026-01-30,085-xxx-2257,สีลม,False,True
C01828,รัตนา,หญิง,18-24,B02,2026-07-31,081-xxx-8586,สีลม,False,True
C01829,กิตติ,หญิง,35-44,B05,2026-06-02,087-xxx-5119,มหาวิทยาลัย,False,True
C01830,กมล,หญิง,25-34,B05,2025-07-13,086-xxx-2042,มหาวิทยาลัย,False,True
C01831,ชนา,หญิง,45-54,B02,2025-11-14,086-xxx-9991,สีลม,False,True
C01832,มานพ,ชาย,25-34,B04,2025-08-30,082-xxx-8849,บางนา,False,True
C01833,ปิยะ,หญิง,18-24,B03,2026-02-26,089-xxx-9990,อารีย์,False,True
C01834,ธีร,หญิง,25-34,B03,2026-05-11,083-xxx-2884,อารีย์,False,True
C01835,สมชาย,หญิง,35-44,B03,2025-11-08,086-xxx-7696,อารีย์,False,True
C01836,กิตติ,หญิง,18-24,B02,2025-06-08,089-xxx-9653,สีลม,False,True
C01837,อัญชลี,หญิง,18-24,B02,2026-07-28,084-xxx-7032,สีลม,False,True
C01838,เกศ,หญิง,18-24,B03,2026-05-24,085-xxx-1017,อารีย์,False,True
C01839,ภัทร,ชาย,45-54,B01,2026-04-02,083-xxx-1675,สยาม,False,False
C01840,วรรณ,หญิง,25-34,B02,2026-07-17,086-xxx-4206,สีลม,False,True
C01841,ณัฐ,หญิง,ต่ำกว่า 18,B02,2026-05-01,087-xxx-8263,สีลม,False,True
C01842,สุดา,หญิง,45-54,B03,2026-07-22,081-xxx-2702,อารีย์,False,True
C01843,สมชาย,ชาย,55+,B04,2025-05-13,086-xxx-2404,บางนา,False,True
C01844,วีระ,หญิง,35-44,B03,2026-06-08,089-xxx-6285,อารีย์,False,True
C01845,ทิพย์,ชาย,18-24,B05,2026-07-30,082-xxx-8261,มหาวิทยาลัย,False,True
C01846,มานพ,ชาย,25-34,B02,2026-04-10,086-xxx-8480,สีลม,False,True
C01847,สมชาย,หญิง,45-54,B04,2025-10-20,084-xxx-9678,บางนา,False,True
C01848,มานพ,หญิง,35-44,B01,2025-12-01,088-xxx-2114,สยาม,False,True
C01849,ทิพย์,ชาย,45-54,B05,2026-07-03,088-xxx-1891,มหาวิทยาลัย,False,False
C01850,ธีร,ชาย,25-34,B05,2025-04-21,082-xxx-1777,มหาวิทยาลัย,False,True
C01851,ณัฐ,ชาย,55+,B01,2025-08-27,088-xxx-1525,สยาม,False,True
C01852,รัตนา,หญิง,18-24,B05,2026-06-05,087-xxx-9599,มหาวิทยาลัย,False,False
C01853,รัตนา,ชาย,25-34,B05,2026-08-29,085-xxx-3192,มหาวิทยาลัย,False,False
C01854,กิตติ,หญิง,45-54,B05,2025-11-25,082-xxx-5840,มหาวิทยาลัย,False,True
C01855,สุดา,หญิง,35-44,B02,2025-07-25,081-xxx-6719,สีลม,False,True
C01856,อรุณ,ชาย,25-34,B01,2025-12-10,081-xxx-9080,สยาม,False,True
C01857,อัญชลี,หญิง,25-34,B02,2025-09-20,089-xxx-1673,สีลม,False,True
C01858,ชนา,ชาย,25-34,B03,2026-03-21,087-xxx-8298,อารีย์,False,True
C01859,อัญชลี,หญิง,25-34,B01,2026-05-31,083-xxx-3006,สยาม,False,True
C01860,รัตนา,หญิง,18-24,B02,2025-12-27,084-xxx-7196,สีลม,False,True
C01861,ปิยะ,หญิง,25-34,B01,2025-10-07,086-xxx-8371,สยาม,False,True
C01862,สุดา,หญิง,35-44,B02,2026-03-11,088-xxx-6424,สีลม,False,True
C01863,นภัส,หญิง,35-44,B02,2026-04-16,088-xxx-8060,สีลม,False,True
C01864,อัญชลี,หญิง,18-24,B01,2025-12-18,082-xxx-3513,สยาม,False,True
C01865,พิม,ชาย,25-34,B01,2026-03-01,083-xxx-7237,สยาม,False,True
C01866,รัตนา,ชาย,25-34,B02,2025-11-21,087-xxx-8126,สีลม,False,True
C01867,รัตนา,ชาย,35-44,B01,2026-09-14,081-xxx-6850,สยาม,False,False
C01868,ธนา,หญิง,25-34,B05,2026-01-08,087-xxx-1353,มหาวิทยาลัย,False,True
C01869,ธีร,หญิง,45-54,B05,2026-02-06,085-xxx-3525,มหาวิทยาลัย,False,False
C01870,จิรา,ชาย,25-34,B04,2025-10-20,087-xxx-6412,บางนา,False,True
C01871,สมชาย,ไม่ระบุ,25-34,B02,2026-02-28,085-xxx-1984,สีลม,False,True
C01872,ณัฐ,ชาย,ต่ำกว่า 18,B04,2026-05-27,083-xxx-5711,บางนา,False,False
C01873,รัตนา,หญิง,35-44,B04,2026-09-14,087-xxx-1922,บางนา,False,False
C01874,ภัทร,ชาย,25-34,B04,2026-06-13,088-xxx-1807,บางนา,False,True
C01875,ณัฐ,หญิง,18-24,B04,2026-09-11,088-xxx-6121,บางนา,False,True
C01876,มานพ,หญิง,18-24,B02,2025-05-26,086-xxx-6146,สีลม,False,True
C01877,ศิริ,หญิง,35-44,B04,2026-08-14,084-xxx-6996,บางนา,False,False
C01878,สมชาย,ชาย,25-34,B03,2026-05-15,085-xxx-7143,อารีย์,True,True
C01879,มานพ,หญิง,45-54,B02,2025-06-25,087-xxx-7397,สีลม,False,True
C01880,นภัส,ชาย,18-24,B04,2025-07-05,087-xxx-5971,บางนา,False,True
C01881,กมล,หญิง,45-54,B01,2026-07-01,085-xxx-2859,สยาม,False,True
C01882,ทิพย์,หญิง,18-24,B05,2025-06-24,088-xxx-6171,มหาวิทยาลัย,False,True
C01883,รัตนา,ชาย,35-44,B04,2025-08-01,089-xxx-5548,บางนา,True,True
C01884,สุดา,หญิง,18-24,B03,2026-02-04,089-xxx-4844,อารีย์,False,True
C01885,กมล,หญิง,35-44,B02,2026-05-06,086-xxx-2978,สีลม,False,True
C01886,ชนา,ชาย,25-34,B01,2025-11-01,081-xxx-3049,สยาม,False,True
C01887,กมล,ชาย,18-24,B05,2025-07-31,084-xxx-4849,มหาวิทยาลัย,False,True
C01888,วรรณ,หญิง,45-54,B02,2025-04-15,082-xxx-8178,สีลม,False,True
C01889,ธีร,หญิง,25-34,B02,2025-07-18,082-xxx-4303,สีลม,False,True
C01890,วรรณ,ชาย,55+,B03,2026-01-15,085-xxx-6757,อารีย์,False,True
C01891,รัตนา,ชาย,18-24,B03,2026-07-01,089-xxx-1905,อารีย์,False,True
C01892,อรุณ,หญิง,18-24,B01,2025-05-15,082-xxx-9690,สยาม,False,True
C01893,ชนา,ชาย,35-44,B02,2026-07-20,082-xxx-1687,สีลม,True,False
C01894,อรุณ,หญิง,25-34,B05,2025-06-20,089-xxx-8510,มหาวิทยาลัย,False,True
C01895,จิรา,ชาย,25-34,B04,2025-10-11,089-xxx-1023,บางนา,False,True
C01896,สมชาย,ชาย,18-24,B05,2025-09-26,089-xxx-6888,มหาวิทยาลัย,False,True
C01897,ธนา,หญิง,35-44,B03,2026-07-26,085-xxx-2908,อารีย์,False,False
C01898,กมล,หญิง,25-34,B03,2026-04-21,088-xxx-3648,อารีย์,False,True
C01899,ณัฐ,ชาย,25-34,B02,2025-12-23,088-xxx-7057,สีลม,False,False
C01900,เกศ,ชาย,35-44,B05,2026-07-13,085-xxx-7374,มหาวิทยาลัย,False,True
C01901,ปิยะ,ชาย,55+,B02,2025-10-15,082-xxx-3574,สีลม,False,True
C01902,มานพ,ชาย,18-24,B05,2026-07-08,085-xxx-1150,มหาวิทยาลัย,False,True
C01903,สุดา,ชาย,18-24,B04,2025-08-24,087-xxx-2942,บางนา,False,True
C01904,ปวีณ,หญิง,45-54,B02,2026-09-05,083-xxx-4911,สีลม,False,False
C01905,นภัส,ชาย,25-34,B01,2026-03-25,081-xxx-4977,สยาม,False,True
C01906,รัตนา,ชาย,35-44,B02,2026-06-18,086-xxx-4552,สีลม,False,True
C01907,ศิริ,หญิง,25-34,B03,2026-03-31,081-xxx-6451,อารีย์,True,True
C01908,อรุณ,ชาย,25-34,B04,2025-04-19,087-xxx-7729,บางนา,False,True
C01909,ทิพย์,หญิง,35-44,B01,2025-11-22,083-xxx-6607,สยาม,False,True
C01910,ภัทร,หญิง,35-44,B05,2026-08-09,085-xxx-6304,มหาวิทยาลัย,False,False
C01911,ภูมิ,หญิง,35-44,B02,2025-05-26,081-xxx-2720,สีลม,False,True
C01912,ปวีณ,หญิง,25-34,B04,2025-10-31,081-xxx-2643,บางนา,False,True
C01913,ภูมิ,ชาย,18-24,B01,2026-08-23,085-xxx-5568,สยาม,False,False
C01914,ธีร,ชาย,25-34,B01,2026-07-13,089-xxx-1834,สยาม,False,False
C01915,ภูมิ,หญิง,35-44,B02,2025-08-11,087-xxx-7525,สีลม,False,True
C01916,ธีร,ชาย,45-54,B01,2026-07-13,083-xxx-4862,สยาม,False,True
C01917,ธีร,หญิง,18-24,B05,2025-09-11,089-xxx-7490,มหาวิทยาลัย,False,True
C01918,อัญชลี,หญิง,35-44,B03,2025-11-06,087-xxx-4095,อารีย์,False,True
C01919,ธีร,หญิง,18-24,B05,2025-06-02,082-xxx-9472,มหาวิทยาลัย,False,True
C01920,อรุณ,หญิง,25-34,B04,2025-12-26,083-xxx-9996,บางนา,False,True
C01921,พิม,ชาย,25-34,B02,2026-01-02,086-xxx-4069,สีลม,False,True
C01922,นภัส,ชาย,45-54,B02,2026-07-22,083-xxx-8568,สีลม,False,True
C01923,นภัส,หญิง,18-24,B03,2026-07-05,088-xxx-3734,อารีย์,False,True
C01924,สุดา,หญิง,18-24,B05,2026-03-25,082-xxx-7962,มหาวิทยาลัย,False,True
C01925,อรุณ,ชาย,25-34,B04,2026-07-22,085-xxx-7316,บางนา,False,True
C01926,ภัทร,หญิง,18-24,B05,2025-12-23,085-xxx-2428,มหาวิทยาลัย,False,True
C01927,อัญชลี,ชาย,35-44,B02,2025-08-12,085-xxx-7483,สีลม,False,True
C01928,เกศ,หญิง,45-54,B04,2025-05-01,087-xxx-7516,บางนา,False,True
C01929,ภัทร,ชาย,35-44,B01,2026-03-10,081-xxx-4845,สยาม,False,True
C01930,วีระ,หญิง,45-54,B02,2026-04-22,087-xxx-7520,สีลม,True,True
C01931,ทิพย์,หญิง,18-24,B01,2025-08-14,085-xxx-9873,สยาม,False,True
C01932,มานพ,หญิง,25-34,B02,2025-08-06,081-xxx-1467,สีลม,False,True
C01933,ชนา,ชาย,18-24,B02,2026-01-25,083-xxx-7182,สีลม,False,True
C01934,กิตติ,ชาย,35-44,B02,2026-07-24,088-xxx-2171,สีลม,False,True
C01935,ทิพย์,หญิง,18-24,B01,2025-05-13,082-xxx-2398,สยาม,False,True
C01936,วรรณ,หญิง,18-24,B03,2026-03-19,084-xxx-6835,อารีย์,False,True
C01937,เกศ,หญิง,25-34,B03,2026-09-03,089-xxx-1299,อารีย์,False,True
C01938,เกศ,หญิง,35-44,B05,2025-08-22,081-xxx-3031,มหาวิทยาลัย,False,True
C01939,กิตติ,ชาย,18-24,B03,2026-04-28,086-xxx-1923,อารีย์,False,True
C01940,อัญชลี,ชาย,25-34,B04,2026-08-26,087-xxx-1790,บางนา,False,False
C01941,พิม,หญิง,25-34,B05,2025-11-04,083-xxx-1931,มหาวิทยาลัย,False,False
C01942,อรุณ,หญิง,18-24,B01,2026-04-03,088-xxx-4551,สยาม,False,False
C01943,เกศ,หญิง,18-24,B04,2026-02-04,085-xxx-1219,บางนา,False,True
C01944,ชนา,ชาย,25-34,B03,2025-12-18,084-xxx-8652,อารีย์,False,True
C01945,ปวีณ,หญิง,55+,B04,2026-07-01,085-xxx-3243,บางนา,False,False
C01946,พิม,ชาย,35-44,B02,2025-08-28,086-xxx-4764,สีลม,False,True
C01947,จิรา,หญิง,25-34,B01,2026-07-05,088-xxx-1866,สยาม,False,True
C01948,ปวีณ,หญิง,45-54,B02,2025-09-02,084-xxx-3042,สีลม,True,True
C01949,วรรณ,ชาย,25-34,B02,2026-01-25,084-xxx-4873,สีลม,False,True
C01950,เกศ,ชาย,25-34,B02,2025-05-20,086-xxx-5034,สีลม,False,True
C01951,วรรณ,หญิง,45-54,B01,2026-05-04,087-xxx-5753,สยาม,False,True
C01952,ภูมิ,ชาย,45-54,B01,2025-10-17,088-xxx-1981,สยาม,False,True
C01953,ภัทร,ชาย,25-34,B05,2026-02-21,085-xxx-5507,มหาวิทยาลัย,False,True
C01954,ธีร,หญิง,18-24,B01,2025-07-13,088-xxx-5687,สยาม,False,True
C01955,จิรา,หญิง,25-34,B02,2026-07-13,085-xxx-1910,สีลม,False,True
C01956,จิรา,หญิง,18-24,B02,2026-05-14,081-xxx-1069,สีลม,False,True
C01957,ณัฐ,หญิง,55+,B03,2026-06-20,083-xxx-8734,อารีย์,False,False
C01958,ชนา,ชาย,25-34,B03,2026-01-16,081-xxx-6533,อารีย์,False,True
C01959,เกศ,หญิง,35-44,B02,2026-01-11,082-xxx-8630,สีลม,False,True
C01960,ภูมิ,ชาย,18-24,B02,2026-09-08,088-xxx-2520,สีลม,False,False
C01961,ทิพย์,ไม่ระบุ,25-34,B01,2026-03-03,089-xxx-3385,สยาม,False,True
C01962,พิม,ชาย,55+,B04,2025-11-09,088-xxx-5478,บางนา,False,True
C01963,รัตนา,หญิง,45-54,B02,2025-06-03,083-xxx-6469,สีลม,False,True
C01964,ณัฐ,หญิง,25-34,B04,2025-09-19,083-xxx-3207,บางนา,False,True
C01965,ชนา,หญิง,55+,B01,2025-07-16,087-xxx-6737,สยาม,False,True
C01966,จิรา,ชาย,25-34,B02,2026-08-15,081-xxx-6859,สีลม,False,True
C01967,กิตติ,หญิง,35-44,B02,2025-12-15,084-xxx-7247,สีลม,False,True
C01968,ทิพย์,หญิง,25-34,B05,2026-06-17,088-xxx-7747,มหาวิทยาลัย,False,False
C01969,พิม,หญิง,25-34,B05,2025-05-13,082-xxx-8400,มหาวิทยาลัย,False,True
C01970,นภัส,ชาย,18-24,B01,2025-12-29,081-xxx-1979,สยาม,False,True
C01971,ปิยะ,ชาย,ต่ำกว่า 18,B04,2025-10-03,085-xxx-9150,บางนา,False,True
C01972,ปิยะ,หญิง,18-24,B01,2025-09-18,085-xxx-6149,สยาม,False,True
C01973,ธีร,หญิง,25-34,B02,2026-02-28,085-xxx-7994,สีลม,False,True
C01974,เกศ,ชาย,18-24,B01,2026-08-21,085-xxx-6216,สยาม,False,False
C01975,กิตติ,ชาย,35-44,B02,2026-03-02,086-xxx-8672,สีลม,False,True
C01976,ธีร,ชาย,45-54,B01,2025-11-21,082-xxx-2868,สยาม,False,True
C01977,พิม,ไม่ระบุ,25-34,B01,2025-08-03,089-xxx-3884,สยาม,False,True
C01978,กมล,ชาย,35-44,B03,2026-05-20,089-xxx-2605,อารีย์,False,True
C01979,ทิพย์,ชาย,45-54,B02,2026-05-06,082-xxx-4959,สีลม,False,True
C01980,สมชาย,หญิง,25-34,B03,2025-12-27,087-xxx-8339,อารีย์,False,True
C01981,ชนา,ไม่ระบุ,45-54,B05,2025-12-23,087-xxx-6550,มหาวิทยาลัย,False,True
C01982,กมล,หญิง,45-54,B02,2026-06-23,081-xxx-6853,สีลม,False,True
C01983,ทิพย์,หญิง,18-24,B01,2025-05-01,086-xxx-3241,สยาม,False,True
C01984,ณัฐ,ชาย,25-34,B02,2025-10-16,083-xxx-2298,สีลม,False,True
C01985,ปิยะ,ไม่ระบุ,45-54,B02,2026-05-15,084-xxx-1316,สีลม,False,True
C01986,ศิริ,หญิง,35-44,B02,2026-06-18,084-xxx-7373,สีลม,False,False
C01987,วรรณ,ชาย,18-24,B01,2026-03-17,082-xxx-3480,สยาม,False,True
C01988,กิตติ,หญิง,25-34,B04,2025-08-07,083-xxx-4890,บางนา,False,True
C01989,วีระ,หญิง,25-34,B01,2025-04-24,085-xxx-3198,สยาม,False,True
C01990,กิตติ,หญิง,18-24,B02,2025-06-22,084-xxx-3313,สีลม,False,True
C01991,วรรณ,ชาย,35-44,B01,2026-01-25,084-xxx-3293,สยาม,False,True
C01992,ชนา,หญิง,18-24,B04,2025-07-30,081-xxx-3135,บางนา,False,True
C01993,ภัทร,หญิง,35-44,B05,2026-06-16,086-xxx-5332,มหาวิทยาลัย,False,False
C01994,สมชาย,หญิง,25-34,B04,2026-08-02,084-xxx-8767,บางนา,False,True
C01995,ชนา,หญิง,25-34,B01,2026-04-29,085-xxx-5057,สยาม,False,True
C01996,ธนา,ชาย,18-24,B01,2026-02-14,086-xxx-7412,สยาม,False,True
C01997,สมชาย,ชาย,25-34,B01,2025-08-11,084-xxx-2504,สยาม,False,True
C01998,ภูมิ,หญิง,55+,B01,2026-01-12,083-xxx-9849,สยาม,False,True
C01999,ปวีณ,หญิง,35-44,B01,2026-05-23,081-xxx-3211,สยาม,False,True
C02000,วีระ,ชาย,45-54,B05,2025-07-14,087-xxx-3738,มหาวิทยาลัย,False,True
C02001,ชนา,ชาย,45-54,B02,2026-06-21,086-xxx-5740,สีลม,False,True
C02002,มานพ,ไม่ระบุ,35-44,B01,2026-08-04,085-xxx-6421,สยาม,False,False
C02003,ชนา,หญิง,18-24,B01,2025-08-27,088-xxx-3289,สยาม,False,True
C02004,จิรา,ไม่ระบุ,35-44,B03,2026-07-14,086-xxx-3563,อารีย์,False,True
C02005,ปิยะ,ชาย,25-34,B05,2026-07-03,084-xxx-6426,มหาวิทยาลัย,False,True
C02006,ทิพย์,ชาย,35-44,B05,2025-12-31,081-xxx-4965,มหาวิทยาลัย,False,True
C02007,เกศ,หญิง,25-34,B01,2026-03-10,089-xxx-5861,สยาม,False,True
C02008,พิม,ชาย,18-24,B04,2026-04-08,086-xxx-7358,บางนา,False,True
C02009,อัญชลี,หญิง,25-34,B05,2025-08-07,083-xxx-5157,มหาวิทยาลัย,False,True
C02010,ศิริ,ชาย,18-24,B04,2025-05-30,089-xxx-7123,บางนา,True,True
C02011,ชนา,หญิง,35-44,B02,2026-03-12,085-xxx-7213,สีลม,False,True
C02012,ชนา,ชาย,25-34,B05,2026-06-06,083-xxx-6338,มหาวิทยาลัย,False,True
C02013,นภัส,หญิง,45-54,B02,2025-12-23,086-xxx-1822,สีลม,False,True
C02014,ธนา,หญิง,18-24,B05,2026-04-12,089-xxx-9105,มหาวิทยาลัย,False,True
C02015,ปวีณ,หญิง,25-34,B02,2025-11-17,084-xxx-6604,สีลม,False,False
C02016,นภัส,หญิง,18-24,B02,2025-06-07,085-xxx-8845,สีลม,False,True
C02017,พิม,หญิง,18-24,B04,2026-01-28,085-xxx-8168,บางนา,False,True
C02018,ภัทร,ชาย,18-24,B04,2025-12-10,082-xxx-6366,บางนา,False,True
C02019,สุดา,ชาย,ต่ำกว่า 18,B05,2025-10-23,086-xxx-7073,มหาวิทยาลัย,False,True
C02020,นภัส,ชาย,18-24,B05,2026-08-24,083-xxx-8972,มหาวิทยาลัย,False,False
C02021,อัญชลี,ชาย,25-34,B02,2025-06-25,086-xxx-9251,สีลม,False,True
C02022,ทิพย์,หญิง,25-34,B02,2025-11-18,081-xxx-7210,สีลม,False,True
C02023,ธนา,ชาย,ต่ำกว่า 18,B05,2025-10-03,082-xxx-3670,มหาวิทยาลัย,False,True
C02024,เกศ,หญิง,18-24,B01,2026-07-24,086-xxx-7165,สยาม,False,True
C02025,อัญชลี,ชาย,ต่ำกว่า 18,B02,2025-11-05,083-xxx-3987,สีลม,False,True
C02026,ธนา,หญิง,35-44,B05,2026-04-26,083-xxx-8017,มหาวิทยาลัย,False,True
C02027,พิม,หญิง,18-24,B05,2026-03-04,084-xxx-3954,มหาวิทยาลัย,False,False
C02028,ณัฐ,ชาย,45-54,B01,2026-05-21,082-xxx-9858,สยาม,False,True
C02029,ธนา,ชาย,25-34,B05,2026-05-19,084-xxx-8150,มหาวิทยาลัย,False,False
C02030,ทิพย์,หญิง,35-44,B03,2026-09-08,082-xxx-9188,อารีย์,False,True
C02031,ณัฐ,ชาย,35-44,B05,2026-06-15,086-xxx-5653,มหาวิทยาลัย,False,True
C02032,รัตนา,หญิง,35-44,B01,2026-06-15,088-xxx-6930,สยาม,False,True
C02033,กิตติ,หญิง,25-34,B01,2026-05-31,083-xxx-7405,สยาม,False,True
C02034,รัตนา,ชาย,25-34,B05,2026-05-20,082-xxx-5167,มหาวิทยาลัย,False,True
C02035,ศิริ,หญิง,18-24,B02,2026-08-17,087-xxx-8186,สีลม,False,True
C02036,ธนา,หญิง,18-24,B01,2026-02-14,087-xxx-6354,สยาม,False,True
C02037,ธนา,หญิง,25-34,B05,2025-05-21,086-xxx-8728,มหาวิทยาลัย,False,True
C02038,มานพ,ชาย,45-54,B05,2026-07-20,087-xxx-7912,มหาวิทยาลัย,False,False
C02039,ณัฐ,หญิง,18-24,B04,2025-04-12,085-xxx-4536,บางนา,False,True
C02040,ธนา,ชาย,45-54,B01,2025-04-02,085-xxx-3451,สยาม,False,True
C02041,วีระ,ชาย,25-34,B03,2026-01-18,084-xxx-2272,อารีย์,False,True
C02042,กมล,หญิง,55+,B04,2025-09-01,087-xxx-7454,บางนา,False,True
C02043,จิรา,หญิง,45-54,B01,2025-12-06,084-xxx-1074,สยาม,False,True
C02044,ณัฐ,หญิง,18-24,B05,2025-08-10,089-xxx-1272,มหาวิทยาลัย,False,True
C02045,อรุณ,หญิง,35-44,B01,2025-06-14,083-xxx-9915,สยาม,False,True
C02046,ภัทร,หญิง,45-54,B04,2026-06-02,087-xxx-7666,บางนา,False,True
C02047,ศิริ,ชาย,25-34,B02,2026-05-28,086-xxx-9146,สีลม,False,True
C02048,มานพ,หญิง,25-34,B05,2025-04-07,081-xxx-8826,มหาวิทยาลัย,False,True
C02049,อรุณ,ชาย,35-44,B03,2026-02-13,085-xxx-4250,อารีย์,False,True
C02050,วรรณ,ชาย,25-34,B05,2026-08-31,089-xxx-9001,มหาวิทยาลัย,False,True
C02051,ณัฐ,หญิง,35-44,B01,2025-11-13,085-xxx-7815,สยาม,False,True
C02052,สุดา,ชาย,18-24,B03,2026-01-08,084-xxx-2529,อารีย์,False,True
C02053,จิรา,ชาย,45-54,B02,2026-05-19,086-xxx-3392,สีลม,False,True
C02054,ณัฐ,หญิง,18-24,B04,2026-01-06,085-xxx-3973,บางนา,False,True
C02055,อรุณ,หญิง,25-34,B02,2025-12-28,087-xxx-5464,สีลม,False,True
C02056,ณัฐ,หญิง,35-44,B02,2025-05-14,089-xxx-2821,สีลม,False,True
C02057,ภูมิ,ชาย,25-34,B02,2025-04-15,086-xxx-2207,สีลม,False,True
C02058,ปิยะ,หญิง,45-54,B03,2025-12-15,089-xxx-9171,อารีย์,False,True
C02059,ปิยะ,หญิง,25-34,B04,2026-09-11,083-xxx-7455,บางนา,False,False
C02060,มานพ,ไม่ระบุ,18-24,B04,2025-08-27,085-xxx-9766,บางนา,True,True
C02061,จิรา,ชาย,35-44,B01,2025-06-08,084-xxx-3225,สยาม,False,True
C02062,ทิพย์,หญิง,35-44,B05,2026-04-07,087-xxx-8200,มหาวิทยาลัย,False,False
C02063,ปิยะ,ชาย,18-24,B05,2025-09-20,089-xxx-4567,มหาวิทยาลัย,False,True
C02064,ทิพย์,ชาย,18-24,B04,2025-04-19,083-xxx-6226,บางนา,False,True
C02065,กมล,ชาย,25-34,B05,2025-06-03,089-xxx-8080,มหาวิทยาลัย,False,False
C02066,ธีร,หญิง,25-34,B01,2026-05-18,082-xxx-9374,สยาม,False,True
C02067,ทิพย์,ชาย,45-54,B05,2025-10-11,081-xxx-6637,มหาวิทยาลัย,False,True
C02068,นภัส,ชาย,45-54,B02,2025-11-17,089-xxx-1256,สีลม,False,True
C02069,พิม,หญิง,25-34,B01,2025-04-15,088-xxx-9131,สยาม,False,True
C02070,กมล,หญิง,55+,B02,2025-11-19,083-xxx-7994,สีลม,False,True
C02071,ภูมิ,หญิง,25-34,B05,2026-06-05,089-xxx-5088,มหาวิทยาลัย,False,True
C02072,นภัส,หญิง,25-34,B03,2026-03-11,084-xxx-5213,อารีย์,False,True
C02073,วรรณ,หญิง,18-24,B05,2025-11-22,086-xxx-2887,มหาวิทยาลัย,False,True
C02074,สุดา,หญิง,18-24,B03,2025-11-12,087-xxx-3216,อารีย์,False,True
C02075,พิม,ชาย,18-24,B04,2026-02-16,082-xxx-7907,บางนา,False,True
C02076,พิม,ชาย,ต่ำกว่า 18,B05,2025-12-03,089-xxx-4319,มหาวิทยาลัย,False,True
C02077,ธนา,หญิง,18-24,B04,2025-12-06,088-xxx-4575,บางนา,False,True
C02078,ปวีณ,หญิง,55+,B02,2026-08-07,086-xxx-3783,สีลม,False,False
C02079,ธนา,ชาย,18-24,B03,2026-06-06,084-xxx-2091,อารีย์,False,True
C02080,วรรณ,หญิง,45-54,B05,2026-03-15,084-xxx-4029,มหาวิทยาลัย,False,True
C02081,ปิยะ,หญิง,45-54,B02,2026-08-01,084-xxx-2701,สีลม,True,True
C02082,วรรณ,หญิง,25-34,B02,2026-01-24,085-xxx-5702,สีลม,False,True
C02083,ณัฐ,หญิง,25-34,B01,2026-08-09,087-xxx-5669,สยาม,False,False
C02084,ณัฐ,หญิง,35-44,B01,2026-02-15,089-xxx-9344,สยาม,False,True
C02085,ภูมิ,หญิง,18-24,B01,2025-06-02,083-xxx-3286,สยาม,False,True
C02086,ธนา,ชาย,18-24,B01,2025-10-15,088-xxx-3037,สยาม,False,False
C02087,รัตนา,หญิง,ต่ำกว่า 18,B03,2026-07-20,085-xxx-2711,อารีย์,False,True
C02088,อรุณ,ชาย,18-24,B04,2025-05-31,084-xxx-5534,บางนา,False,True
C02089,ธนา,หญิง,25-34,B02,2025-04-11,084-xxx-5507,สีลม,False,True
C02090,ธนา,ชาย,18-24,B04,2026-03-18,088-xxx-1096,บางนา,False,True
C02091,ภูมิ,ชาย,45-54,B05,2025-12-01,083-xxx-7429,มหาวิทยาลัย,False,True
C02092,ปวีณ,ชาย,35-44,B01,2025-06-27,086-xxx-5030,สยาม,False,True
C02093,นภัส,ชาย,25-34,B04,2025-04-26,089-xxx-1952,บางนา,False,True
C02094,อรุณ,หญิง,35-44,B01,2026-07-16,088-xxx-5887,สยาม,False,False
C02095,จิรา,หญิง,35-44,B02,2026-06-14,088-xxx-8884,สีลม,False,False
C02096,พิม,ไม่ระบุ,35-44,B05,2026-07-07,085-xxx-4922,มหาวิทยาลัย,False,False
C02097,ธีร,หญิง,55+,B02,2026-06-09,085-xxx-9736,สีลม,False,False
C02098,มานพ,หญิง,18-24,B02,2025-05-15,087-xxx-1627,สีลม,False,True
C02099,กมล,ชาย,25-34,B02,2026-03-06,086-xxx-8056,สีลม,False,True
C02100,กิตติ,หญิง,25-34,B05,2025-06-15,086-xxx-5790,มหาวิทยาลัย,False,True
C02101,สุดา,หญิง,ต่ำกว่า 18,B04,2025-06-15,087-xxx-6650,บางนา,False,True
C02102,ปวีณ,หญิง,35-44,B04,2026-05-10,087-xxx-7035,บางนา,False,False
C02103,วีระ,หญิง,18-24,B05,2025-06-22,083-xxx-1681,มหาวิทยาลัย,False,True
C02104,วรรณ,ชาย,18-24,B04,2026-06-07,089-xxx-3653,บางนา,False,True
C02105,ณัฐ,หญิง,35-44,B04,2026-08-16,088-xxx-1282,บางนา,False,True
C02106,พิม,ชาย,45-54,B04,2026-08-25,087-xxx-8473,บางนา,False,False
C02107,ศิริ,ชาย,35-44,B01,2026-06-03,084-xxx-6295,สยาม,False,True
C02108,ธีร,หญิง,45-54,B05,2026-05-05,088-xxx-6242,มหาวิทยาลัย,False,True
C02109,จิรา,ชาย,25-34,B01,2026-08-27,081-xxx-5910,สยาม,False,True
C02110,ณัฐ,ชาย,25-34,B05,2025-12-04,087-xxx-1145,มหาวิทยาลัย,False,True
C02111,ปิยะ,ชาย,18-24,B01,2025-08-11,088-xxx-3526,สยาม,False,True
C02112,ทิพย์,ชาย,18-24,B02,2025-09-20,087-xxx-5395,สีลม,False,True
C02113,พิม,ชาย,18-24,B01,2025-08-11,081-xxx-2374,สยาม,False,True
C02114,ศิริ,หญิง,18-24,B04,2025-06-16,081-xxx-3926,บางนา,False,False
C02115,ภัทร,ชาย,45-54,B04,2025-09-09,089-xxx-7088,บางนา,False,True
C02116,จิรา,หญิง,ต่ำกว่า 18,B05,2025-08-20,088-xxx-2967,มหาวิทยาลัย,False,True
C02117,มานพ,หญิง,25-34,B02,2026-05-01,083-xxx-6824,สีลม,False,True
C02118,ธนา,หญิง,55+,B03,2026-07-14,089-xxx-1783,อารีย์,False,True
C02119,กิตติ,หญิง,45-54,B01,2026-04-04,089-xxx-2894,สยาม,True,True
C02120,มานพ,ไม่ระบุ,18-24,B02,2026-08-25,084-xxx-2443,สีลม,False,True
C02121,ภัทร,หญิง,35-44,B03,2025-11-26,082-xxx-1749,อารีย์,False,True
C02122,เกศ,หญิง,45-54,B05,2026-02-04,083-xxx-2731,มหาวิทยาลัย,False,True
C02123,ปวีณ,ชาย,18-24,B01,2026-07-16,084-xxx-3030,สยาม,False,True
C02124,วีระ,ชาย,18-24,B02,2025-09-29,086-xxx-7498,สีลม,False,True
C02125,ทิพย์,หญิง,35-44,B01,2026-04-18,084-xxx-6176,สยาม,False,True
C02126,ภัทร,ชาย,35-44,B02,2025-05-18,087-xxx-4262,สีลม,False,True
C02127,ปวีณ,หญิง,45-54,B01,2026-06-15,086-xxx-4821,สยาม,False,True
C02128,อรุณ,ชาย,25-34,B01,2026-05-16,089-xxx-9779,สยาม,False,True
C02129,ภัทร,หญิง,18-24,B05,2026-03-08,087-xxx-3222,มหาวิทยาลัย,False,False
C02130,ปิยะ,หญิง,55+,B01,2025-05-17,085-xxx-5140,สยาม,False,True
C02131,พิม,ไม่ระบุ,18-24,B01,2025-04-13,086-xxx-6022,สยาม,False,True
C02132,เกศ,ไม่ระบุ,35-44,B03,2026-01-30,089-xxx-2197,อารีย์,False,True
C02133,อรุณ,ชาย,45-54,B05,2025-08-13,081-xxx-5016,มหาวิทยาลัย,False,False
C02134,อรุณ,หญิง,25-34,B02,2025-08-12,086-xxx-2227,สีลม,False,True
C02135,มานพ,ชาย,25-34,B05,2026-08-07,086-xxx-2540,มหาวิทยาลัย,False,False
C02136,ณัฐ,หญิง,18-24,B03,2026-04-15,089-xxx-4458,อารีย์,False,True
C02137,ศิริ,หญิง,18-24,B02,2026-08-17,082-xxx-1725,สีลม,False,False
C02138,มานพ,หญิง,18-24,B05,2025-05-15,086-xxx-2400,มหาวิทยาลัย,False,True
C02139,สมชาย,หญิง,35-44,B02,2026-04-24,084-xxx-5267,สีลม,False,False
C02140,กมล,หญิง,18-24,B01,2025-08-07,087-xxx-6870,สยาม,False,True
C02141,ปิยะ,หญิง,25-34,B02,2025-07-19,082-xxx-2202,สีลม,False,False
C02142,ธีร,หญิง,25-34,B01,2026-08-14,088-xxx-6564,สยาม,False,False
C02143,กมล,ชาย,45-54,B01,2026-05-16,089-xxx-2612,สยาม,False,True
C02144,สุดา,ชาย,25-34,B01,2026-06-14,087-xxx-9960,สยาม,False,False
C02145,อัญชลี,ชาย,25-34,B01,2026-05-17,089-xxx-7202,สยาม,False,True
C02146,กมล,ชาย,35-44,B02,2025-08-02,082-xxx-4443,สีลม,False,True
C02147,ศิริ,หญิง,18-24,B03,2026-08-08,084-xxx-7342,อารีย์,False,True
C02148,วีระ,ไม่ระบุ,35-44,B04,2026-07-05,082-xxx-4553,บางนา,False,True
C02149,ภัทร,ชาย,18-24,B05,2026-06-03,088-xxx-3154,มหาวิทยาลัย,False,True
C02150,ภัทร,หญิง,18-24,B01,2025-04-21,082-xxx-9358,สยาม,False,True
C02151,กมล,ชาย,55+,B01,2026-09-13,088-xxx-7989,สยาม,False,True
C02152,ภูมิ,หญิง,25-34,B02,2026-07-27,084-xxx-5468,สีลม,False,False
C02153,มานพ,หญิง,25-34,B05,2026-04-12,086-xxx-8001,มหาวิทยาลัย,False,True
C02154,ธนา,หญิง,18-24,B02,2026-04-08,089-xxx-8541,สีลม,False,True
C02155,สมชาย,หญิง,18-24,B03,2026-04-13,084-xxx-2003,อารีย์,False,False
C02156,นภัส,หญิง,45-54,B01,2025-08-30,086-xxx-3913,สยาม,False,True
C02157,มานพ,ไม่ระบุ,45-54,B05,2026-05-27,082-xxx-4704,มหาวิทยาลัย,False,False
C02158,กิตติ,ชาย,25-34,B04,2025-07-15,086-xxx-4247,บางนา,False,True
C02159,กิตติ,หญิง,18-24,B03,2026-02-24,089-xxx-3665,อารีย์,False,True
C02160,ชนา,ชาย,55+,B02,2025-11-09,089-xxx-8328,สีลม,False,True
C02161,อัญชลี,หญิง,35-44,B05,2026-03-03,083-xxx-8468,มหาวิทยาลัย,False,False
C02162,กิตติ,หญิง,18-24,B05,2025-09-14,087-xxx-9773,มหาวิทยาลัย,False,True
C02163,ณัฐ,หญิง,35-44,B04,2025-10-28,083-xxx-1414,บางนา,False,True
C02164,ธีร,หญิง,25-34,B03,2026-08-22,082-xxx-3817,อารีย์,False,False
C02165,นภัส,ชาย,ต่ำกว่า 18,B05,2026-09-06,084-xxx-3852,มหาวิทยาลัย,False,False
C02166,วรรณ,ชาย,18-24,B05,2025-12-21,083-xxx-5871,มหาวิทยาลัย,False,True
C02167,กิตติ,หญิง,25-34,B01,2026-04-01,085-xxx-1069,สยาม,False,False
C02168,กมล,หญิง,25-34,B05,2025-10-27,083-xxx-7695,มหาวิทยาลัย,False,True
C02169,นภัส,หญิง,55+,B04,2026-05-31,088-xxx-8085,บางนา,False,True
C02170,มานพ,หญิง,25-34,B05,2026-04-23,081-xxx-1176,มหาวิทยาลัย,False,True
C02171,ธีร,หญิง,25-34,B03,2025-11-13,088-xxx-8496,อารีย์,False,True
C02172,ปิยะ,ชาย,45-54,B05,2025-09-17,088-xxx-7144,มหาวิทยาลัย,False,True
C02173,ศิริ,หญิง,25-34,B04,2025-12-10,087-xxx-4087,บางนา,False,True
C02174,กิตติ,ชาย,25-34,B03,2026-04-10,082-xxx-1388,อารีย์,False,True
C02175,วีระ,หญิง,18-24,B05,2025-06-23,087-xxx-5775,มหาวิทยาลัย,False,False
C02176,จิรา,หญิง,35-44,B01,2026-05-02,081-xxx-4157,สยาม,False,True
C02177,อรุณ,ชาย,35-44,B02,2025-06-25,081-xxx-7130,สีลม,False,True
C02178,ชนา,ชาย,25-34,B04,2025-09-22,087-xxx-3196,บางนา,False,True
C02179,อัญชลี,หญิง,25-34,B01,2025-06-24,081-xxx-5843,สยาม,True,True
C02180,เกศ,หญิง,25-34,B02,2025-09-10,082-xxx-7339,สีลม,False,True
C02181,พิม,ชาย,35-44,B03,2026-05-13,085-xxx-5665,อารีย์,False,True
C02182,ศิริ,หญิง,35-44,B05,2026-03-31,082-xxx-8524,มหาวิทยาลัย,False,True
C02183,ชนา,หญิง,45-54,B04,2026-05-27,088-xxx-9312,บางนา,False,True
C02184,กมล,หญิง,25-34,B05,2025-12-22,089-xxx-5062,มหาวิทยาลัย,False,True
C02185,จิรา,หญิง,35-44,B05,2025-07-08,088-xxx-6227,มหาวิทยาลัย,False,True
C02186,สมชาย,ชาย,25-34,B04,2025-09-23,088-xxx-1516,บางนา,False,True
C02187,สมชาย,ชาย,35-44,B04,2026-09-07,083-xxx-6770,บางนา,False,False
C02188,ทิพย์,ชาย,25-34,B02,2026-05-12,082-xxx-5657,สีลม,False,True
C02189,ปวีณ,หญิง,25-34,B05,2025-07-28,084-xxx-2943,มหาวิทยาลัย,False,True
C02190,นภัส,ชาย,25-34,B01,2025-06-17,087-xxx-8333,สยาม,False,True
C02191,ชนา,ชาย,25-34,B04,2026-04-01,083-xxx-1052,บางนา,False,True
C02192,วรรณ,ชาย,18-24,B01,2025-07-16,084-xxx-4524,สยาม,True,False
C02193,เกศ,ไม่ระบุ,45-54,B03,2026-06-06,089-xxx-1611,อารีย์,False,True
C02194,ธีร,หญิง,25-34,B05,2025-10-02,084-xxx-7771,มหาวิทยาลัย,False,True
C02195,นภัส,หญิง,45-54,B05,2025-05-21,085-xxx-7150,มหาวิทยาลัย,False,True
C02196,ศิริ,ชาย,35-44,B02,2026-04-08,081-xxx-3497,สีลม,False,True
C02197,ปิยะ,หญิง,35-44,B04,2026-03-25,083-xxx-3402,บางนา,False,True
C02198,ปวีณ,ชาย,25-34,B01,2025-06-04,083-xxx-2396,สยาม,False,True
C02199,วีระ,ชาย,35-44,B05,2026-05-21,084-xxx-5831,มหาวิทยาลัย,False,True
C02200,ธนา,ชาย,35-44,B05,2025-08-27,086-xxx-5349,มหาวิทยาลัย,False,True
C02201,สมชาย,หญิง,25-34,B05,2025-12-17,083-xxx-7845,มหาวิทยาลัย,False,True
C02202,ภัทร,ชาย,ต่ำกว่า 18,B04,2026-01-20,084-xxx-1565,บางนา,False,True
C02203,ปวีณ,หญิง,25-34,B03,2025-11-13,081-xxx-3260,อารีย์,False,True
C02204,ธนา,หญิง,25-34,B02,2025-04-01,085-xxx-3373,สีลม,False,True
C02205,ปิยะ,ชาย,55+,B02,2025-09-27,084-xxx-9156,สีลม,False,True
C02206,เกศ,หญิง,25-34,B01,2026-03-07,085-xxx-2155,สยาม,False,False
C02207,ทิพย์,ชาย,35-44,B02,2025-04-14,081-xxx-4308,สีลม,True,True
C02208,ศิริ,หญิง,18-24,B03,2026-03-16,088-xxx-1259,อารีย์,False,True
C02209,ทิพย์,หญิง,55+,B04,2025-06-11,089-xxx-8534,บางนา,False,True
C02210,เกศ,ชาย,55+,B04,2026-04-26,087-xxx-9071,บางนา,False,True
C02211,ภูมิ,ชาย,25-34,B05,2026-03-17,083-xxx-2411,มหาวิทยาลัย,False,True
C02212,ศิริ,หญิง,55+,B04,2026-06-04,081-xxx-7638,บางนา,False,True
C02213,รัตนา,หญิง,25-34,B04,2026-06-28,085-xxx-6259,บางนา,False,True
C02214,ศิริ,หญิง,ต่ำกว่า 18,B03,2026-07-29,087-xxx-3597,อารีย์,False,True
C02215,ธนา,หญิง,45-54,B02,2025-05-16,087-xxx-6322,สีลม,False,True
C02216,เกศ,หญิง,18-24,B04,2026-03-26,085-xxx-7239,บางนา,False,True
C02217,ภูมิ,ชาย,25-34,B05,2025-07-07,081-xxx-3264,มหาวิทยาลัย,False,True
C02218,ศิริ,ชาย,45-54,B05,2025-10-02,087-xxx-3835,มหาวิทยาลัย,False,True
C02219,นภัส,หญิง,18-24,B02,2026-09-08,087-xxx-2577,สีลม,False,False
C02220,ปวีณ,หญิง,25-34,B04,2025-11-17,084-xxx-1286,บางนา,False,True
C02221,ปิยะ,หญิง,25-34,B01,2026-04-07,086-xxx-1789,สยาม,False,True
C02222,วรรณ,หญิง,25-34,B02,2026-08-25,087-xxx-9979,สีลม,False,True
C02223,จิรา,ชาย,25-34,B03,2026-08-05,086-xxx-8553,อารีย์,False,True
C02224,ทิพย์,หญิง,25-34,B05,2025-12-14,087-xxx-4221,มหาวิทยาลัย,False,True
C02225,ธนา,หญิง,25-34,B05,2025-07-23,088-xxx-6044,มหาวิทยาลัย,False,True
C02226,สมชาย,ชาย,35-44,B01,2026-05-25,089-xxx-3064,สยาม,False,True
C02227,ภัทร,ชาย,55+,B05,2025-11-23,084-xxx-3260,มหาวิทยาลัย,False,True
C02228,รัตนา,หญิง,45-54,B05,2026-01-08,084-xxx-5853,มหาวิทยาลัย,False,True
C02229,ทิพย์,หญิง,25-34,B05,2026-06-14,086-xxx-7038,มหาวิทยาลัย,False,True
C02230,สุดา,หญิง,18-24,B02,2026-03-16,085-xxx-4984,สีลม,False,False
C02231,ณัฐ,ชาย,25-34,B04,2026-07-08,082-xxx-6980,บางนา,False,True
C02232,นภัส,หญิง,35-44,B04,2026-03-10,084-xxx-5885,บางนา,False,True
C02233,ณัฐ,หญิง,35-44,B03,2026-03-23,089-xxx-9703,อารีย์,False,True
C02234,รัตนา,ชาย,18-24,B01,2025-10-28,085-xxx-1874,สยาม,False,True
C02235,กมล,หญิง,55+,B02,2025-08-15,087-xxx-2333,สีลม,False,True
C02236,อัญชลี,หญิง,25-34,B05,2025-10-06,082-xxx-4498,มหาวิทยาลัย,False,True
C02237,ปิยะ,หญิง,18-24,B02,2025-07-27,086-xxx-4358,สีลม,False,True
C02238,วีระ,หญิง,25-34,B01,2026-04-18,088-xxx-7260,สยาม,False,True
C02239,สมชาย,หญิง,25-34,B01,2025-12-31,088-xxx-7151,สยาม,False,True
C02240,อัญชลี,ชาย,35-44,B04,2025-06-02,084-xxx-7249,บางนา,False,True
C02241,จิรา,ชาย,35-44,B05,2026-01-03,081-xxx-5544,มหาวิทยาลัย,False,False
C02242,ธนา,ไม่ระบุ,45-54,B01,2026-07-05,088-xxx-1194,สยาม,False,True
C02243,ภูมิ,หญิง,35-44,B02,2025-07-28,081-xxx-8912,สีลม,False,True
C02244,กมล,ไม่ระบุ,55+,B02,2025-05-04,086-xxx-9965,สีลม,False,True
C02245,กิตติ,ชาย,18-24,B02,2026-09-03,085-xxx-1660,สีลม,False,False
C02246,กมล,หญิง,25-34,B01,2026-01-12,083-xxx-9260,สยาม,False,True
C02247,จิรา,ชาย,25-34,B05,2026-03-16,083-xxx-4319,มหาวิทยาลัย,False,True
C02248,อัญชลี,ชาย,35-44,B02,2026-03-15,081-xxx-4308,สีลม,True,True
C02249,ณัฐ,หญิง,35-44,B04,2025-05-29,082-xxx-5093,บางนา,False,True
C02250,กมล,ชาย,25-34,B05,2025-08-24,086-xxx-6113,มหาวิทยาลัย,False,True
C02251,วรรณ,ชาย,35-44,B02,2026-01-31,081-xxx-9881,สีลม,False,True
C02252,วรรณ,หญิง,25-34,B01,2025-09-17,086-xxx-1526,สยาม,False,True
C02253,เกศ,ชาย,45-54,B05,2026-01-28,089-xxx-2773,มหาวิทยาลัย,False,True
C02254,รัตนา,หญิง,25-34,B05,2026-01-23,089-xxx-7522,มหาวิทยาลัย,False,False
C02255,ศิริ,หญิง,25-34,B01,2025-08-20,083-xxx-7272,สยาม,False,True
C02256,กิตติ,หญิง,25-34,B02,2025-09-29,082-xxx-5978,สีลม,False,True
C02257,ปวีณ,หญิง,25-34,B05,2026-01-04,084-xxx-6300,มหาวิทยาลัย,False,True
C02258,นภัส,หญิง,25-34,B01,2026-01-03,083-xxx-6295,สยาม,False,True
C02259,วีระ,หญิง,35-44,B03,2025-11-29,086-xxx-9768,อารีย์,False,True
C02260,สุดา,หญิง,25-34,B03,2025-12-29,089-xxx-3340,อารีย์,False,True
C02261,เกศ,หญิง,25-34,B02,2025-04-10,082-xxx-1753,สีลม,False,True
C02262,ธีร,หญิง,18-24,B05,2025-04-26,087-xxx-7520,มหาวิทยาลัย,True,True
C02263,เกศ,ชาย,35-44,B03,2026-06-30,081-xxx-9821,อารีย์,False,True
C02264,อรุณ,ชาย,55+,B05,2025-11-17,087-xxx-1832,มหาวิทยาลัย,False,True
C02265,รัตนา,หญิง,35-44,B04,2026-04-13,083-xxx-3066,บางนา,False,True
C02266,มานพ,หญิง,45-54,B02,2026-08-22,087-xxx-2695,สีลม,False,True
C02267,ปิยะ,ชาย,25-34,B01,2025-05-04,082-xxx-5499,สยาม,False,True
C02268,ศิริ,หญิง,45-54,B04,2025-09-21,088-xxx-4182,บางนา,False,True
C02269,จิรา,ชาย,18-24,B02,2026-03-28,086-xxx-2639,สีลม,False,True
C02270,นภัส,ชาย,55+,B03,2026-01-13,086-xxx-4680,อารีย์,False,True
C02271,ทิพย์,ชาย,45-54,B01,2025-09-07,083-xxx-2390,สยาม,False,True
C02272,ณัฐ,ไม่ระบุ,55+,B05,2025-07-15,089-xxx-8833,มหาวิทยาลัย,False,True
C02273,รัตนา,หญิง,25-34,B05,2025-08-07,087-xxx-9970,มหาวิทยาลัย,False,True
C02274,ปิยะ,หญิง,ต่ำกว่า 18,B05,2025-07-27,081-xxx-1816,มหาวิทยาลัย,False,True
C02275,ศิริ,ไม่ระบุ,35-44,B04,2026-01-26,086-xxx-7092,บางนา,False,True
C02276,กมล,ชาย,18-24,B01,2026-08-17,084-xxx-2691,สยาม,False,True
C02277,ทิพย์,หญิง,35-44,B05,2026-08-24,084-xxx-2819,มหาวิทยาลัย,False,True
C02278,วีระ,ชาย,25-34,B01,2026-05-14,087-xxx-5492,สยาม,False,True
C02279,นภัส,ชาย,18-24,B02,2026-07-14,088-xxx-8893,สีลม,False,True
C02280,รัตนา,ชาย,25-34,B02,2025-09-15,084-xxx-1434,สีลม,False,True
C02281,กมล,หญิง,18-24,B03,2026-03-08,084-xxx-9547,อารีย์,False,True
C02282,ปวีณ,หญิง,25-34,B02,2025-05-08,082-xxx-4357,สีลม,True,True
C02283,กมล,ชาย,18-24,B02,2025-12-28,082-xxx-6913,สีลม,False,True
C02284,อรุณ,หญิง,18-24,B04,2025-04-18,089-xxx-1389,บางนา,False,True
C02285,ปิยะ,ชาย,ต่ำกว่า 18,B03,2025-11-01,087-xxx-6734,อารีย์,False,True
C02286,สุดา,ชาย,35-44,B01,2025-07-02,081-xxx-3078,สยาม,False,True
C02287,นภัส,ชาย,35-44,B01,2026-04-11,082-xxx-3706,สยาม,True,True
C02288,ณัฐ,หญิง,25-34,B01,2026-08-09,084-xxx-4975,สยาม,False,True
C02289,จิรา,ชาย,25-34,B05,2026-06-03,089-xxx-6549,มหาวิทยาลัย,False,True
C02290,ณัฐ,ชาย,35-44,B02,2025-04-13,083-xxx-6792,สีลม,False,True
C02291,ธนา,หญิง,55+,B05,2026-07-05,084-xxx-8292,มหาวิทยาลัย,False,False
C02292,ปวีณ,หญิง,45-54,B03,2026-02-27,084-xxx-2022,อารีย์,False,True
C02293,ศิริ,ชาย,25-34,B03,2026-03-28,085-xxx-4015,อารีย์,False,True
C02294,อรุณ,หญิง,55+,B01,2025-05-24,084-xxx-6990,สยาม,False,True
C02295,อัญชลี,หญิง,35-44,B01,2026-06-13,083-xxx-4382,สยาม,False,True
C02296,นภัส,หญิง,25-34,B03,2026-02-02,083-xxx-9170,อารีย์,False,True
C02297,ทิพย์,ชาย,35-44,B01,2026-01-31,081-xxx-9597,สยาม,False,True
C02298,วีระ,ชาย,35-44,B05,2026-05-22,081-xxx-9073,มหาวิทยาลัย,False,True
C02299,นภัส,ชาย,55+,B04,2025-09-12,088-xxx-8137,บางนา,False,False
C02300,ภัทร,หญิง,25-34,B01,2025-09-15,086-xxx-7124,สยาม,False,True
C02301,กิตติ,หญิง,25-34,B02,2026-04-09,088-xxx-7052,สีลม,False,True
C02302,อรุณ,ชาย,ต่ำกว่า 18,B04,2025-08-16,086-xxx-1722,บางนา,False,True
C02303,ชนา,ชาย,25-34,B04,2025-12-15,089-xxx-2714,บางนา,False,True
C02304,วรรณ,ชาย,18-24,B04,2026-02-12,082-xxx-9312,บางนา,False,True
C02305,ศิริ,หญิง,35-44,B05,2025-06-17,088-xxx-5894,มหาวิทยาลัย,False,True
C02306,มานพ,หญิง,45-54,B01,2026-03-24,083-xxx-7349,สยาม,False,True
C02307,ภูมิ,ชาย,45-54,B05,2025-04-27,083-xxx-4269,มหาวิทยาลัย,False,True
C02308,นภัส,หญิง,18-24,B03,2026-01-12,082-xxx-1494,อารีย์,False,True
C02309,กิตติ,หญิง,25-34,B05,2025-06-27,085-xxx-3028,มหาวิทยาลัย,False,True
C02310,กิตติ,หญิง,35-44,B01,2025-07-13,089-xxx-5574,สยาม,False,True
C02311,ณัฐ,ชาย,18-24,B01,2025-06-23,081-xxx-2060,สยาม,False,True
C02312,พิม,หญิง,25-34,B05,2026-01-29,084-xxx-9358,มหาวิทยาลัย,False,True
C02313,อรุณ,ชาย,25-34,B04,2025-07-02,086-xxx-1517,บางนา,False,True
C02314,เกศ,หญิง,18-24,B02,2026-02-28,082-xxx-4989,สีลม,False,True
C02315,สุดา,ชาย,25-34,B02,2026-03-16,084-xxx-6577,สีลม,False,True
C02316,กมล,ไม่ระบุ,45-54,B05,2025-05-30,082-xxx-9605,มหาวิทยาลัย,False,True
C02317,ณัฐ,หญิง,18-24,B04,2025-05-04,084-xxx-8225,บางนา,False,True
C02318,เกศ,หญิง,55+,B04,2026-04-05,086-xxx-2064,บางนา,False,True
C02319,ทิพย์,หญิง,35-44,B05,2026-04-01,087-xxx-6082,มหาวิทยาลัย,False,False
C02320,ณัฐ,ชาย,55+,B05,2025-06-23,081-xxx-7178,มหาวิทยาลัย,False,True
C02321,ธีร,ชาย,25-34,B03,2026-05-06,089-xxx-1255,อารีย์,False,True
C02322,อรุณ,หญิง,35-44,B05,2025-05-25,086-xxx-9381,มหาวิทยาลัย,False,True
C02323,เกศ,หญิง,45-54,B04,2025-11-05,088-xxx-6124,บางนา,False,True
C02324,มานพ,หญิง,18-24,B03,2026-06-24,088-xxx-6284,อารีย์,False,False
C02325,พิม,หญิง,45-54,B01,2025-11-01,089-xxx-8452,สยาม,False,True
C02326,เกศ,ชาย,18-24,B04,2026-02-17,088-xxx-6990,บางนา,False,True
C02327,ทิพย์,หญิง,35-44,B04,2026-06-29,081-xxx-8179,บางนา,False,True
C02328,มานพ,ชาย,25-34,B01,2025-09-09,089-xxx-3346,สยาม,False,True
C02329,พิม,หญิง,55+,B05,2026-04-11,083-xxx-9405,มหาวิทยาลัย,False,False
C02330,รัตนา,หญิง,25-34,B05,2025-04-04,087-xxx-9704,มหาวิทยาลัย,False,True
C02331,กมล,ชาย,35-44,B05,2026-03-13,082-xxx-5010,มหาวิทยาลัย,False,True
C02332,ปวีณ,ชาย,25-34,B03,2026-02-02,081-xxx-2882,อารีย์,False,True
C02333,ชนา,ชาย,25-34,B05,2025-11-11,089-xxx-5909,มหาวิทยาลัย,False,True
C02334,วรรณ,ชาย,35-44,B01,2026-04-03,085-xxx-9424,สยาม,False,True
C02335,วรรณ,ไม่ระบุ,18-24,B05,2025-07-03,082-xxx-8587,มหาวิทยาลัย,False,False
C02336,รัตนา,ชาย,18-24,B01,2025-04-17,087-xxx-9622,สยาม,False,True
C02337,สุดา,ชาย,25-34,B02,2026-01-05,084-xxx-1106,สีลม,False,True
C02338,พิม,หญิง,35-44,B01,2026-08-25,087-xxx-4701,สยาม,False,True
C02339,ธีร,หญิง,25-34,B02,2025-12-08,082-xxx-3607,สีลม,False,True
C02340,กิตติ,หญิง,18-24,B01,2026-01-06,082-xxx-3457,สยาม,False,True
C02341,อัญชลี,หญิง,45-54,B03,2026-06-04,088-xxx-3207,อารีย์,False,True
C02342,สุดา,ชาย,25-34,B02,2026-04-16,087-xxx-4076,สีลม,False,True
C02343,ณัฐ,หญิง,18-24,B03,2026-03-13,082-xxx-7135,อารีย์,False,True
C02344,ภัทร,ชาย,35-44,B04,2025-08-23,088-xxx-7980,บางนา,False,True
C02345,อัญชลี,ไม่ระบุ,35-44,B01,2026-06-14,087-xxx-2615,สยาม,False,True
C02346,รัตนา,หญิง,18-24,B05,2025-11-06,081-xxx-6912,มหาวิทยาลัย,False,True
C02347,ธีร,ชาย,35-44,B02,2025-12-28,081-xxx-7043,สีลม,False,True
C02348,อัญชลี,หญิง,25-34,B03,2026-01-01,084-xxx-9536,อารีย์,False,True
C02349,ธนา,หญิง,25-34,B05,2025-04-09,081-xxx-3701,มหาวิทยาลัย,False,True
C02350,กมล,หญิง,35-44,B02,2026-01-05,089-xxx-8013,สีลม,False,True
C02351,กิตติ,หญิง,25-34,B05,2025-05-30,082-xxx-3621,มหาวิทยาลัย,False,True
C02352,ชนา,หญิง,35-44,B05,2026-09-13,087-xxx-1890,มหาวิทยาลัย,False,False
C02353,อรุณ,หญิง,55+,B05,2026-08-12,082-xxx-2375,มหาวิทยาลัย,False,False
C02354,กมล,ชาย,18-24,B05,2025-07-27,083-xxx-1825,มหาวิทยาลัย,False,True
C02355,นภัส,ชาย,18-24,B05,2026-07-24,083-xxx-3428,มหาวิทยาลัย,False,True
C02356,พิม,ไม่ระบุ,35-44,B01,2025-07-28,086-xxx-7627,สยาม,False,True
C02357,ณัฐ,ชาย,35-44,B05,2026-06-25,088-xxx-6908,มหาวิทยาลัย,False,False
C02358,อรุณ,ชาย,18-24,B01,2025-04-07,086-xxx-9585,สยาม,False,True
C02359,รัตนา,ชาย,25-34,B01,2025-08-14,086-xxx-2440,สยาม,False,True
C02360,ธนา,ชาย,25-34,B01,2026-02-27,088-xxx-1215,สยาม,False,False
C02361,ศิริ,หญิง,45-54,B05,2025-11-09,087-xxx-1283,มหาวิทยาลัย,False,True
C02362,ปวีณ,ชาย,35-44,B01,2025-07-18,082-xxx-7086,สยาม,False,True
C02363,สุดา,ชาย,55+,B02,2025-11-30,086-xxx-2766,สีลม,False,True
C02364,ธนา,ชาย,25-34,B01,2025-06-23,088-xxx-2370,สยาม,False,True
C02365,ปวีณ,หญิง,35-44,B04,2026-06-21,082-xxx-7868,บางนา,False,True
C02366,กมล,ชาย,45-54,B03,2026-01-25,086-xxx-6634,อารีย์,False,True
C02367,สุดา,หญิง,25-34,B04,2026-05-21,086-xxx-6102,บางนา,False,True
C02368,ปวีณ,หญิง,45-54,B04,2025-11-17,081-xxx-8378,บางนา,False,True
C02369,ธนา,ชาย,25-34,B01,2026-05-21,088-xxx-9836,สยาม,False,False
C02370,สุดา,หญิง,25-34,B03,2026-01-31,081-xxx-3274,อารีย์,False,True
C02371,ทิพย์,หญิง,18-24,B05,2025-06-10,087-xxx-7881,มหาวิทยาลัย,False,True
C02372,กมล,หญิง,18-24,B05,2025-05-18,087-xxx-8911,มหาวิทยาลัย,False,True
C02373,พิม,หญิง,25-34,B04,2025-05-09,086-xxx-2414,บางนา,False,True
C02374,ชนา,ชาย,35-44,B05,2025-12-18,087-xxx-8213,มหาวิทยาลัย,False,True
C02375,อัญชลี,ชาย,45-54,B04,2026-04-07,089-xxx-1830,บางนา,False,True
C02376,ศิริ,หญิง,45-54,B05,2026-07-06,085-xxx-1582,มหาวิทยาลัย,False,True
C02377,ภัทร,หญิง,18-24,B02,2025-10-23,087-xxx-6594,สีลม,False,True
C02378,รัตนา,ชาย,45-54,B03,2026-07-10,087-xxx-3792,อารีย์,False,False
C02379,ชนา,หญิง,35-44,B01,2026-06-13,087-xxx-2760,สยาม,False,False
C02380,กมล,ชาย,45-54,B02,2026-03-08,081-xxx-6903,สีลม,False,True
C02381,ปิยะ,ชาย,18-24,B01,2026-03-15,084-xxx-4000,สยาม,False,True
C02382,อรุณ,ชาย,25-34,B03,2026-03-01,082-xxx-2512,อารีย์,False,True
C02383,ภูมิ,ชาย,18-24,B01,2026-04-28,088-xxx-4841,สยาม,False,True
C02384,กมล,ชาย,18-24,B01,2026-06-19,083-xxx-8136,สยาม,False,True
C02385,วีระ,หญิง,35-44,B03,2026-05-13,087-xxx-5576,อารีย์,False,True
C02386,ธนา,ชาย,35-44,B03,2026-05-21,084-xxx-2173,อารีย์,False,True
C02387,ปิยะ,หญิง,45-54,B05,2025-04-17,084-xxx-6679,มหาวิทยาลัย,False,False
C02388,ศิริ,หญิง,55+,B05,2025-06-01,082-xxx-1586,มหาวิทยาลัย,False,True
C02389,อรุณ,ชาย,18-24,B03,2026-04-29,086-xxx-1943,อารีย์,False,True
C02390,ปิยะ,หญิง,18-24,B04,2026-05-29,084-xxx-2701,บางนา,True,True
C02391,นภัส,ชาย,25-34,B05,2025-12-02,085-xxx-4411,มหาวิทยาลัย,False,True
C02392,เกศ,ชาย,55+,B04,2025-12-15,088-xxx-4472,บางนา,False,True
C02393,รัตนา,ชาย,55+,B01,2025-10-06,083-xxx-5883,สยาม,False,True
C02394,พิม,หญิง,18-24,B03,2026-03-28,083-xxx-8407,อารีย์,False,True
C02395,วรรณ,ชาย,18-24,B04,2026-06-09,082-xxx-8567,บางนา,False,True
C02396,สุดา,หญิง,25-34,B03,2025-11-14,083-xxx-4715,อารีย์,False,True
C02397,ศิริ,หญิง,45-54,B03,2026-05-05,089-xxx-4162,อารีย์,False,True
C02398,เกศ,หญิง,35-44,B05,2025-05-15,087-xxx-3029,มหาวิทยาลัย,False,True
C02399,กมล,ชาย,18-24,B02,2025-09-30,086-xxx-7445,สีลม,False,True
C02400,เกศ,หญิง,25-34,B01,2026-07-10,085-xxx-9127,สยาม,False,False
C02401,ศิริ,หญิง,18-24,B02,2026-01-06,082-xxx-9050,สีลม,False,False
C02402,ปวีณ,ชาย,55+,B01,2025-10-15,085-xxx-3475,สยาม,False,False
C02403,ปวีณ,หญิง,ต่ำกว่า 18,B01,2026-01-10,084-xxx-7629,สยาม,False,True
C02404,อรุณ,ชาย,25-34,B04,2025-08-01,089-xxx-2167,บางนา,False,True
C02405,ทิพย์,ชาย,55+,B04,2025-09-22,082-xxx-8751,บางนา,False,True
C02406,ปิยะ,ชาย,35-44,B02,2025-12-19,087-xxx-1451,สีลม,False,False
C02407,สมชาย,หญิง,18-24,B04,2025-12-06,088-xxx-2674,บางนา,False,True
C02408,ทิพย์,ชาย,ต่ำกว่า 18,B05,2026-04-22,088-xxx-2147,มหาวิทยาลัย,False,True
C02409,นภัส,ไม่ระบุ,45-54,B05,2026-06-25,088-xxx-6771,มหาวิทยาลัย,False,False
C02410,อรุณ,หญิง,35-44,B03,2026-01-07,084-xxx-7846,อารีย์,False,True
C02411,มานพ,หญิง,55+,B02,2025-10-20,087-xxx-7243,สีลม,False,True
C02412,อัญชลี,ชาย,45-54,B03,2026-01-06,087-xxx-1663,อารีย์,False,True
C02413,จิรา,หญิง,18-24,B03,2026-07-06,083-xxx-8099,อารีย์,False,True
C02414,มานพ,หญิง,25-34,B02,2026-06-30,086-xxx-5983,สีลม,False,True
C02415,นภัส,ชาย,25-34,B05,2026-08-10,082-xxx-8328,มหาวิทยาลัย,False,False
C02416,ณัฐ,ชาย,18-24,B05,2026-01-13,085-xxx-1089,มหาวิทยาลัย,False,True
C02417,ภูมิ,หญิง,25-34,B03,2026-07-18,084-xxx-7879,อารีย์,False,True
C02418,ทิพย์,หญิง,55+,B03,2026-02-15,081-xxx-8873,อารีย์,False,True
C02419,ธนา,ชาย,35-44,B05,2025-04-20,086-xxx-5102,มหาวิทยาลัย,False,True
C02420,สุดา,หญิง,45-54,B01,2025-09-16,081-xxx-4349,สยาม,False,True
C02421,ภูมิ,ชาย,25-34,B01,2025-07-10,089-xxx-4287,สยาม,False,True
C02422,ปวีณ,หญิง,45-54,B03,2026-06-09,083-xxx-7396,อารีย์,False,True
C02423,ภูมิ,หญิง,25-34,B04,2025-10-24,087-xxx-9971,บางนา,False,True
C02424,นภัส,ชาย,35-44,B05,2025-08-18,085-xxx-5826,มหาวิทยาลัย,False,True
C02425,ปิยะ,หญิง,35-44,B04,2025-10-25,089-xxx-4049,บางนา,False,True
C02426,ทิพย์,ชาย,18-24,B02,2025-09-04,089-xxx-6634,สีลม,False,True
C02427,กิตติ,ชาย,25-34,B01,2026-08-13,087-xxx-7597,สยาม,False,False
C02428,ภูมิ,ชาย,55+,B01,2025-04-28,086-xxx-8059,สยาม,False,True
C02429,สมชาย,หญิง,35-44,B02,2026-04-23,087-xxx-7267,สีลม,False,True
C02430,ศิริ,ชาย,18-24,B05,2025-11-18,083-xxx-9328,มหาวิทยาลัย,False,True
C02431,ชนา,หญิง,18-24,B05,2026-08-22,088-xxx-7803,มหาวิทยาลัย,False,False
C02432,ศิริ,หญิง,ต่ำกว่า 18,B04,2025-10-13,088-xxx-8001,บางนา,False,True
C02433,จิรา,หญิง,45-54,B05,2026-04-12,087-xxx-6089,มหาวิทยาลัย,False,True
C02434,ธีร,ชาย,18-24,B05,2025-06-24,086-xxx-1678,มหาวิทยาลัย,False,True
C02435,ชนา,ชาย,18-24,B05,2025-09-29,089-xxx-4729,มหาวิทยาลัย,False,True
C02436,พิม,ชาย,18-24,B03,2026-06-10,088-xxx-5773,อารีย์,False,True
C02437,รัตนา,ชาย,ต่ำกว่า 18,B05,2025-08-08,086-xxx-3705,มหาวิทยาลัย,False,True
C02438,ทิพย์,หญิง,18-24,B03,2025-12-05,082-xxx-9054,อารีย์,False,True
C02439,ปวีณ,หญิง,ต่ำกว่า 18,B01,2026-03-19,087-xxx-3004,สยาม,False,True
C02440,ภัทร,หญิง,25-34,B03,2026-01-24,083-xxx-1373,อารีย์,False,True
C02441,รัตนา,หญิง,35-44,B05,2026-04-10,089-xxx-9920,มหาวิทยาลัย,False,False
C02442,มานพ,ชาย,35-44,B03,2025-12-29,081-xxx-5430,อารีย์,False,True
C02443,ภูมิ,ชาย,25-34,B04,2026-08-21,085-xxx-8928,บางนา,True,True
C02444,ชนา,หญิง,18-24,B05,2026-04-14,083-xxx-7588,มหาวิทยาลัย,False,False
C02445,เกศ,หญิง,55+,B01,2026-02-15,083-xxx-7929,สยาม,False,True
C02446,รัตนา,หญิง,25-34,B01,2025-04-02,088-xxx-2642,สยาม,False,True
C02447,จิรา,ชาย,18-24,B03,2026-05-21,085-xxx-3438,อารีย์,False,True
C02448,นภัส,หญิง,35-44,B02,2026-05-11,085-xxx-6619,สีลม,False,True
C02449,นภัส,หญิง,55+,B02,2026-01-24,081-xxx-2157,สีลม,False,True
C02450,ณัฐ,หญิง,45-54,B02,2025-10-09,086-xxx-3404,สีลม,False,True
C02451,ชนา,ชาย,25-34,B05,2026-04-09,083-xxx-3415,มหาวิทยาลัย,False,True
C02452,เกศ,หญิง,18-24,B05,2025-12-12,087-xxx-6842,มหาวิทยาลัย,False,True
C02453,จิรา,หญิง,45-54,B02,2026-06-13,083-xxx-1902,สีลม,False,True
C02454,พิม,หญิง,25-34,B03,2026-04-23,087-xxx-1165,อารีย์,False,True
C02455,วรรณ,หญิง,45-54,B02,2026-05-31,084-xxx-8295,สีลม,False,True
C02456,ภัทร,ชาย,35-44,B01,2025-09-21,084-xxx-3785,สยาม,False,True
C02457,วรรณ,หญิง,35-44,B03,2026-09-01,087-xxx-7886,อารีย์,False,False
C02458,นภัส,หญิง,45-54,B02,2026-03-16,083-xxx-5576,สีลม,False,True
C02459,เกศ,หญิง,45-54,B05,2026-07-29,088-xxx-3180,มหาวิทยาลัย,False,False
C02460,ณัฐ,หญิง,55+,B01,2026-02-03,084-xxx-5183,สยาม,False,True
C02461,สมชาย,ชาย,18-24,B04,2025-07-28,082-xxx-6494,บางนา,False,True
C02462,สุดา,หญิง,35-44,B01,2026-04-20,088-xxx-4738,สยาม,False,True
C02463,กิตติ,ชาย,ต่ำกว่า 18,B04,2026-02-03,085-xxx-4175,บางนา,False,True
C02464,ธนา,ชาย,45-54,B04,2025-11-27,089-xxx-7818,บางนา,False,True
C02465,ภูมิ,หญิง,35-44,B02,2026-08-23,083-xxx-3554,สีลม,False,True
C02466,วีระ,หญิง,25-34,B01,2025-12-31,081-xxx-2925,สยาม,False,False
C02467,นภัส,หญิง,18-24,B02,2026-05-02,081-xxx-2289,สีลม,False,True
C02468,สุดา,หญิง,25-34,B02,2026-08-20,084-xxx-6955,สีลม,False,False
C02469,จิรา,หญิง,18-24,B05,2026-07-05,083-xxx-9877,มหาวิทยาลัย,False,False
C02470,ธนา,ชาย,45-54,B01,2026-07-14,086-xxx-2679,สยาม,False,True
C02471,วีระ,หญิง,25-34,B03,2026-07-06,086-xxx-6841,อารีย์,False,True
C02472,ธีร,ชาย,18-24,B05,2026-08-14,086-xxx-8459,มหาวิทยาลัย,False,True
C02473,ณัฐ,หญิง,25-34,B04,2026-01-20,089-xxx-3668,บางนา,False,True
C02474,กิตติ,ชาย,18-24,B05,2025-11-25,089-xxx-7752,มหาวิทยาลัย,False,True
C02475,ธีร,ชาย,35-44,B01,2026-08-06,087-xxx-2446,สยาม,False,True
C02476,ชนา,ชาย,35-44,B02,2026-05-03,087-xxx-2667,สีลม,False,True
C02477,ทิพย์,หญิง,ต่ำกว่า 18,B01,2025-06-22,083-xxx-6492,สยาม,False,True
C02478,วรรณ,ชาย,25-34,B04,2025-12-03,085-xxx-6885,บางนา,False,True
C02479,วรรณ,ชาย,18-24,B05,2026-06-09,089-xxx-6138,มหาวิทยาลัย,False,False
C02480,อรุณ,หญิง,35-44,B01,2025-07-01,084-xxx-7813,สยาม,False,True
C02481,ปิยะ,หญิง,25-34,B04,2026-01-19,083-xxx-3164,บางนา,False,True
C02482,จิรา,หญิง,18-24,B04,2025-07-11,088-xxx-4262,บางนา,False,True
C02483,สมชาย,หญิง,18-24,B01,2026-03-12,082-xxx-5945,สยาม,False,True
C02484,ภัทร,หญิง,35-44,B05,2026-01-29,089-xxx-4881,มหาวิทยาลัย,False,True
C02485,ปวีณ,หญิง,55+,B05,2025-08-26,088-xxx-8522,มหาวิทยาลัย,False,True
C02486,นภัส,หญิง,18-24,B01,2025-05-29,086-xxx-2826,สยาม,False,True
C02487,อัญชลี,หญิง,45-54,B02,2026-09-04,083-xxx-5083,สีลม,True,True
C02488,มานพ,หญิง,25-34,B03,2026-01-13,082-xxx-3682,อารีย์,False,True
C02489,จิรา,หญิง,35-44,B05,2026-07-06,083-xxx-4056,มหาวิทยาลัย,False,True
C02490,กมล,หญิง,35-44,B04,2025-05-17,085-xxx-9184,บางนา,False,True
C02491,ธนา,ไม่ระบุ,18-24,B01,2025-12-29,087-xxx-6324,สยาม,False,True
C02492,ภัทร,หญิง,18-24,B01,2025-05-25,088-xxx-6179,สยาม,False,True
C02493,ภัทร,หญิง,18-24,B05,2025-08-24,087-xxx-6141,มหาวิทยาลัย,False,True
C02494,นภัส,ไม่ระบุ,35-44,B05,2026-06-11,088-xxx-9309,มหาวิทยาลัย,False,False
C02495,ภูมิ,หญิง,18-24,B05,2026-07-24,086-xxx-2827,มหาวิทยาลัย,False,False
C02496,ชนา,ชาย,35-44,B03,2026-05-24,084-xxx-2215,อารีย์,False,True
C02497,ภูมิ,หญิง,25-34,B02,2026-08-14,086-xxx-7915,สีลม,False,False
C02498,นภัส,ชาย,25-34,B01,2025-11-14,086-xxx-8193,สยาม,False,True
C02499,ภัทร,หญิง,18-24,B02,2026-06-24,081-xxx-6749,สีลม,False,True
C02500,ภูมิ,ชาย,35-44,B04,2025-07-29,083-xxx-9058,บางนา,False,True
C02501,ณัฐ,หญิง,25-34,B02,2025-12-07,081-xxx-9058,สีลม,False,True
C02502,วรรณ,หญิง,35-44,B03,2026-08-31,086-xxx-4924,อารีย์,False,False
C02503,จิรา,หญิง,25-34,B01,2025-04-20,089-xxx-1648,สยาม,False,True
C02504,ปวีณ,หญิง,35-44,B01,2025-04-04,087-xxx-2785,สยาม,False,True
C02505,ธนา,หญิง,ต่ำกว่า 18,B01,2026-08-05,082-xxx-2425,สยาม,False,False
C02506,กิตติ,ชาย,25-34,B04,2026-09-06,086-xxx-3918,บางนา,False,False
C02507,ธีร,ชาย,25-34,B03,2025-12-03,088-xxx-9257,อารีย์,False,True
C02508,อัญชลี,หญิง,55+,B01,2026-01-30,083-xxx-9869,สยาม,False,False
C02509,วรรณ,หญิง,35-44,B05,2025-09-20,085-xxx-9228,มหาวิทยาลัย,False,True
C02510,ศิริ,ชาย,55+,B04,2025-12-27,088-xxx-4566,บางนา,False,True
C02511,ธีร,หญิง,25-34,B01,2026-08-16,086-xxx-1566,สยาม,False,False
C02512,นภัส,ชาย,18-24,B02,2025-12-24,086-xxx-8664,สีลม,False,True
C02513,สมชาย,ชาย,25-34,B05,2026-02-26,088-xxx-5048,มหาวิทยาลัย,False,True
C02514,ธนา,ชาย,25-34,B01,2026-02-01,089-xxx-9741,สยาม,False,True
C02515,มานพ,หญิง,18-24,B01,2025-09-07,085-xxx-5315,สยาม,False,True
C02516,กิตติ,หญิง,25-34,B02,2026-01-25,087-xxx-6337,สีลม,False,True
C02517,นภัส,หญิง,18-24,B01,2026-08-07,083-xxx-3248,สยาม,False,True
C02518,ปิยะ,ไม่ระบุ,45-54,B04,2026-08-10,087-xxx-1775,บางนา,False,True
C02519,วีระ,หญิง,18-24,B02,2026-06-19,086-xxx-6019,สีลม,False,False
C02520,นภัส,ชาย,55+,B03,2026-05-04,083-xxx-8771,อารีย์,False,True
C02521,สุดา,หญิง,25-34,B04,2025-04-14,087-xxx-2111,บางนา,False,True
C02522,พิม,หญิง,35-44,B02,2025-12-23,082-xxx-2519,สีลม,False,True
C02523,ธีร,หญิง,25-34,B05,2025-05-03,088-xxx-8387,มหาวิทยาลัย,False,True
C02524,เกศ,ชาย,18-24,B05,2025-09-09,085-xxx-7777,มหาวิทยาลัย,False,True
C02525,ภูมิ,ไม่ระบุ,35-44,B03,2026-03-23,085-xxx-2682,อารีย์,False,True
C02526,อัญชลี,หญิง,25-34,B03,2026-01-26,082-xxx-8739,อารีย์,False,True
C02527,ณัฐ,ชาย,18-24,B01,2025-11-09,081-xxx-4012,สยาม,False,True
C02528,มานพ,หญิง,35-44,B04,2025-07-06,088-xxx-1165,บางนา,False,True
C02529,อัญชลี,หญิง,55+,B05,2026-05-28,085-xxx-4416,มหาวิทยาลัย,False,True
C02530,ปิยะ,หญิง,25-34,B03,2026-02-01,088-xxx-1439,อารีย์,False,True
C02531,ปวีณ,หญิง,35-44,B02,2025-05-20,089-xxx-8395,สีลม,False,True
C02532,ณัฐ,หญิง,18-24,B01,2026-06-20,082-xxx-8948,สยาม,False,True
C02533,สมชาย,ชาย,25-34,B03,2026-01-20,084-xxx-6272,อารีย์,False,True
C02534,วรรณ,หญิง,45-54,B01,2025-04-26,089-xxx-4472,สยาม,False,True
C02535,วีระ,ชาย,25-34,B01,2025-12-12,086-xxx-3745,สยาม,False,True
C02536,ธีร,ชาย,25-34,B01,2026-06-06,084-xxx-8238,สยาม,False,True
C02537,ปวีณ,หญิง,18-24,B05,2026-07-26,088-xxx-1198,มหาวิทยาลัย,True,True
C02538,ปวีณ,ชาย,45-54,B04,2025-08-15,081-xxx-4703,บางนา,False,True
C02539,ณัฐ,หญิง,25-34,B05,2025-12-03,082-xxx-3730,มหาวิทยาลัย,False,True
C02540,วีระ,ชาย,18-24,B03,2026-01-24,085-xxx-3913,อารีย์,False,True
C02541,รัตนา,ชาย,25-34,B04,2025-10-10,085-xxx-5801,บางนา,False,True
C02542,อัญชลี,ชาย,55+,B03,2026-02-19,081-xxx-1343,อารีย์,False,False
C02543,จิรา,หญิง,18-24,B02,2025-05-18,087-xxx-9828,สีลม,False,False
C02544,ธีร,ชาย,18-24,B01,2026-05-09,086-xxx-1801,สยาม,False,False
C02545,วีระ,ชาย,18-24,B04,2026-05-06,085-xxx-9375,บางนา,False,True
C02546,กิตติ,ชาย,18-24,B03,2026-07-24,089-xxx-9058,อารีย์,False,False
C02547,วรรณ,หญิง,35-44,B03,2026-06-07,089-xxx-4180,อารีย์,False,True
C02548,เกศ,หญิง,35-44,B05,2026-03-07,082-xxx-1298,มหาวิทยาลัย,False,True
C02549,ทิพย์,ชาย,18-24,B05,2026-07-27,081-xxx-9650,มหาวิทยาลัย,False,True
C02550,ภัทร,หญิง,55+,B02,2026-07-08,087-xxx-1476,สีลม,True,False
C02551,มานพ,หญิง,25-34,B02,2026-09-13,083-xxx-7911,สีลม,False,False
C02552,พิม,หญิง,55+,B03,2026-06-05,083-xxx-3699,อารีย์,False,True
C02553,กมล,หญิง,55+,B02,2025-09-15,082-xxx-8085,สีลม,False,True
C02554,ธนา,หญิง,25-34,B02,2026-07-26,089-xxx-3505,สีลม,False,True
C02555,ธนา,ชาย,25-34,B01,2026-07-19,087-xxx-9028,สยาม,False,True
C02556,วีระ,หญิง,18-24,B01,2026-08-03,085-xxx-1889,สยาม,False,True
C02557,ปิยะ,หญิง,55+,B04,2025-08-02,083-xxx-8479,บางนา,False,True
C02558,ภัทร,ชาย,45-54,B03,2026-08-23,083-xxx-3717,อารีย์,False,True
C02559,มานพ,ชาย,18-24,B02,2025-11-22,082-xxx-3706,สีลม,True,True
C02560,ธีร,หญิง,45-54,B04,2026-01-14,086-xxx-6293,บางนา,False,True
C02561,สมชาย,ชาย,25-34,B01,2025-10-14,087-xxx-3900,สยาม,False,True
C02562,ธนา,หญิง,35-44,B05,2025-08-20,089-xxx-7992,มหาวิทยาลัย,False,True
C02563,ธนา,ชาย,35-44,B01,2026-05-28,088-xxx-8105,สยาม,False,True
C02564,ปวีณ,ชาย,18-24,B04,2026-01-04,085-xxx-9380,บางนา,False,False
C02565,ปิยะ,หญิง,25-34,B01,2025-12-11,089-xxx-4799,สยาม,False,False
C02566,ศิริ,หญิง,35-44,B05,2026-08-04,083-xxx-9586,มหาวิทยาลัย,False,False
C02567,ปวีณ,หญิง,55+,B05,2026-04-08,083-xxx-4604,มหาวิทยาลัย,False,True
C02568,ธนา,หญิง,35-44,B02,2025-07-28,082-xxx-6868,สีลม,False,True
C02569,มานพ,ชาย,45-54,B02,2026-09-04,083-xxx-9950,สีลม,False,True
C02570,ธนา,ชาย,18-24,B05,2026-03-01,085-xxx-7427,มหาวิทยาลัย,False,False
C02571,พิม,ชาย,25-34,B05,2026-01-23,086-xxx-6476,มหาวิทยาลัย,False,False
C02572,รัตนา,ชาย,35-44,B05,2025-11-22,084-xxx-8793,มหาวิทยาลัย,False,True
C02573,ธีร,หญิง,45-54,B02,2025-07-22,085-xxx-1176,สีลม,False,True
C02574,ภัทร,หญิง,25-34,B01,2025-08-19,081-xxx-9201,สยาม,False,True
C02575,ศิริ,หญิง,25-34,B04,2025-10-01,084-xxx-1266,บางนา,True,True
C02576,ภัทร,หญิง,18-24,B04,2025-07-28,083-xxx-3364,บางนา,False,True
C02577,ปิยะ,หญิง,35-44,B01,2025-08-13,083-xxx-1809,สยาม,False,True
C02578,ชนา,ชาย,18-24,B03,2026-07-13,088-xxx-7836,อารีย์,False,True
C02579,ภูมิ,หญิง,25-34,B02,2025-07-08,081-xxx-4791,สีลม,False,True
C02580,ปวีณ,ชาย,35-44,B03,2026-05-27,083-xxx-4038,อารีย์,False,True
C02581,มานพ,ชาย,25-34,B03,2026-06-13,083-xxx-7961,อารีย์,False,True
C02582,ปิยะ,หญิง,25-34,B03,2026-01-29,086-xxx-5995,อารีย์,False,True
C02583,ศิริ,ชาย,18-24,B03,2026-06-18,087-xxx-5995,อารีย์,False,True
C02584,ณัฐ,ชาย,35-44,B03,2026-06-19,081-xxx-5060,อารีย์,False,False
C02585,ทิพย์,หญิง,35-44,B01,2025-08-09,088-xxx-3316,สยาม,False,True
C02586,นภัส,หญิง,25-34,B02,2026-07-22,085-xxx-2435,สีลม,False,True
C02587,เกศ,หญิง,25-34,B04,2025-10-03,083-xxx-6103,บางนา,False,True
C02588,ศิริ,ชาย,35-44,B04,2025-08-17,086-xxx-5769,บางนา,False,True
C02589,ชนา,หญิง,18-24,B05,2026-04-23,087-xxx-4286,มหาวิทยาลัย,False,False
C02590,ชนา,หญิง,18-24,B02,2026-04-20,083-xxx-9403,สีลม,False,True
C02591,อรุณ,หญิง,18-24,B03,2026-09-10,089-xxx-2724,อารีย์,False,False
C02592,พิม,หญิง,45-54,B01,2026-07-11,088-xxx-9623,สยาม,False,True
C02593,จิรา,ชาย,45-54,B02,2026-07-22,086-xxx-9370,สีลม,False,False
C02594,จิรา,หญิง,25-34,B04,2025-09-26,081-xxx-2164,บางนา,False,True
C02595,ชนา,ชาย,18-24,B05,2026-08-30,081-xxx-4557,มหาวิทยาลัย,False,False
C02596,ธีร,ชาย,35-44,B02,2025-05-04,082-xxx-1145,สีลม,False,True
C02597,นภัส,หญิง,35-44,B03,2026-07-27,084-xxx-5750,อารีย์,False,True
C02598,ชนา,หญิง,35-44,B01,2026-01-16,083-xxx-4378,สยาม,False,False
C02599,อรุณ,หญิง,35-44,B01,2026-04-16,082-xxx-4994,สยาม,False,True
C02600,ปวีณ,หญิง,35-44,B01,2025-10-23,082-xxx-8373,สยาม,False,True
C02601,รัตนา,หญิง,18-24,B01,2025-10-26,082-xxx-7091,สยาม,False,True
C02602,อรุณ,ชาย,25-34,B01,2026-08-12,087-xxx-5908,สยาม,False,True
C02603,กมล,หญิง,25-34,B02,2025-06-10,085-xxx-7301,สีลม,False,True
C02604,ธีร,ชาย,45-54,B01,2025-04-19,081-xxx-6917,สยาม,False,True
C02605,ทิพย์,ชาย,18-24,B01,2025-05-08,089-xxx-6022,สยาม,False,True
C02606,มานพ,ชาย,25-34,B02,2025-08-13,086-xxx-4839,สีลม,False,True
C02607,จิรา,หญิง,ต่ำกว่า 18,B03,2026-03-15,089-xxx-3285,อารีย์,False,True
C02608,จิรา,หญิง,25-34,B02,2025-08-09,082-xxx-9565,สีลม,False,True
C02609,ภัทร,หญิง,25-34,B05,2025-08-05,081-xxx-5694,มหาวิทยาลัย,False,True
C02610,ปวีณ,หญิง,25-34,B01,2025-07-08,082-xxx-6456,สยาม,False,True
C02611,พิม,หญิง,55+,B01,2025-08-18,081-xxx-4992,สยาม,False,True
C02612,ภูมิ,หญิง,ต่ำกว่า 18,B04,2026-08-12,089-xxx-1194,บางนา,False,True
C02613,พิม,ไม่ระบุ,25-34,B05,2025-10-23,082-xxx-1094,มหาวิทยาลัย,False,True
C02614,ทิพย์,หญิง,45-54,B02,2026-04-17,089-xxx-7349,สีลม,False,True
C02615,สุดา,หญิง,35-44,B02,2025-05-30,085-xxx-6088,สีลม,False,True
C02616,อรุณ,หญิง,25-34,B03,2026-06-20,083-xxx-9241,อารีย์,False,True
C02617,ภูมิ,หญิง,35-44,B01,2025-09-02,085-xxx-6221,สยาม,False,True
C02618,ภูมิ,หญิง,35-44,B03,2026-04-03,087-xxx-9355,อารีย์,False,True
C02619,จิรา,หญิง,25-34,B05,2026-08-10,088-xxx-9666,มหาวิทยาลัย,False,True
C02620,รัตนา,ชาย,18-24,B04,2026-06-06,082-xxx-6119,บางนา,False,True
C02621,ภัทร,หญิง,25-34,B02,2025-06-23,085-xxx-7015,สีลม,False,True
C02622,สมชาย,หญิง,35-44,B01,2026-01-23,087-xxx-7051,สยาม,False,True
C02623,นภัส,หญิง,25-34,B03,2026-02-05,085-xxx-6747,อารีย์,False,True
C02624,จิรา,หญิง,45-54,B04,2025-11-25,087-xxx-3992,บางนา,False,True
C02625,ศิริ,หญิง,25-34,B01,2026-08-26,086-xxx-6793,สยาม,False,True
C02626,รัตนา,หญิง,25-34,B04,2026-08-18,089-xxx-3879,บางนา,False,False
C02627,สุดา,หญิง,35-44,B02,2026-08-02,081-xxx-7617,สีลม,False,False
C02628,ปวีณ,หญิง,25-34,B01,2025-07-21,081-xxx-2876,สยาม,False,True
C02629,พิม,หญิง,18-24,B05,2025-11-09,085-xxx-7888,มหาวิทยาลัย,False,True
C02630,อัญชลี,หญิง,45-54,B02,2026-06-21,087-xxx-1147,สีลม,False,True
C02631,วีระ,ชาย,18-24,B03,2026-06-23,082-xxx-1250,อารีย์,False,True
C02632,วีระ,ไม่ระบุ,35-44,B02,2025-12-29,087-xxx-8214,สีลม,False,True
C02633,ณัฐ,หญิง,55+,B05,2025-05-17,086-xxx-2464,มหาวิทยาลัย,False,True
C02634,อรุณ,หญิง,18-24,B04,2025-04-14,087-xxx-2139,บางนา,False,True
C02635,อรุณ,หญิง,18-24,B01,2025-06-28,087-xxx-9492,สยาม,False,True
C02636,ปวีณ,หญิง,55+,B01,2025-06-03,084-xxx-4864,สยาม,False,True
C02637,พิม,ชาย,18-24,B03,2026-08-01,086-xxx-9984,อารีย์,False,True
C02638,ศิริ,หญิง,25-34,B04,2025-06-29,081-xxx-4715,บางนา,False,True
C02639,เกศ,หญิง,55+,B04,2026-03-22,087-xxx-1625,บางนา,False,True
C02640,ธีร,ชาย,18-24,B03,2026-03-01,085-xxx-6439,อารีย์,False,True
C02641,ทิพย์,ชาย,18-24,B04,2025-06-30,086-xxx-6536,บางนา,False,True
C02642,นภัส,ชาย,18-24,B05,2026-03-07,083-xxx-4885,มหาวิทยาลัย,False,True
C02643,ปิยะ,หญิง,18-24,B01,2026-02-11,084-xxx-3771,สยาม,True,True
C02644,ธีร,หญิง,ต่ำกว่า 18,B01,2025-07-26,086-xxx-5217,สยาม,False,True
C02645,วีระ,หญิง,25-34,B05,2026-07-07,084-xxx-1911,มหาวิทยาลัย,False,False
C02646,ปวีณ,หญิง,25-34,B04,2025-09-06,088-xxx-9741,บางนา,False,True
C02647,ปวีณ,หญิง,55+,B01,2026-04-18,082-xxx-8482,สยาม,False,True
C02648,จิรา,หญิง,45-54,B04,2025-09-13,089-xxx-9609,บางนา,False,True
C02649,พิม,หญิง,ต่ำกว่า 18,B01,2025-11-25,085-xxx-1106,สยาม,False,True
C02650,วรรณ,ชาย,25-34,B01,2026-05-26,082-xxx-5135,สยาม,False,True
C02651,ปิยะ,ชาย,18-24,B02,2025-04-18,087-xxx-2192,สีลม,False,True
C02652,อรุณ,หญิง,25-34,B02,2025-12-26,082-xxx-4122,สีลม,False,True
C02653,กมล,ชาย,25-34,B05,2026-05-23,085-xxx-7581,มหาวิทยาลัย,False,True
C02654,ปวีณ,หญิง,25-34,B01,2025-09-06,081-xxx-6996,สยาม,False,True
C02655,วีระ,หญิง,18-24,B02,2026-02-13,087-xxx-6915,สีลม,False,True
C02656,ชนา,ชาย,55+,B01,2026-03-19,085-xxx-2942,สยาม,False,True
C02657,เกศ,หญิง,25-34,B01,2026-08-09,085-xxx-9097,สยาม,False,True
C02658,มานพ,ชาย,18-24,B01,2025-11-25,087-xxx-3419,สยาม,False,True
C02659,พิม,ชาย,25-34,B01,2025-05-05,089-xxx-7924,สยาม,False,True
C02660,สุดา,หญิง,45-54,B05,2026-07-10,087-xxx-6655,มหาวิทยาลัย,False,False
C02661,สมชาย,ชาย,25-34,B02,2025-11-29,084-xxx-1218,สีลม,False,False
C02662,ธนา,หญิง,25-34,B05,2026-07-05,088-xxx-4565,มหาวิทยาลัย,False,True
C02663,สมชาย,หญิง,45-54,B02,2026-01-02,089-xxx-7977,สีลม,False,True
C02664,ศิริ,หญิง,18-24,B03,2026-07-19,081-xxx-7677,อารีย์,False,True
C02665,รัตนา,ชาย,55+,B02,2025-12-07,086-xxx-1298,สีลม,False,True
C02666,เกศ,หญิง,55+,B05,2025-11-04,083-xxx-4621,มหาวิทยาลัย,False,True
C02667,ภัทร,หญิง,18-24,B05,2026-01-28,085-xxx-3399,มหาวิทยาลัย,False,True
C02668,สุดา,ชาย,18-24,B01,2026-06-01,087-xxx-6342,สยาม,False,True
C02669,ศิริ,หญิง,25-34,B05,2025-06-05,082-xxx-2321,มหาวิทยาลัย,False,True
C02670,ภัทร,หญิง,45-54,B02,2025-11-27,086-xxx-8324,สีลม,False,True
C02671,ปวีณ,หญิง,18-24,B01,2026-04-18,083-xxx-9508,สยาม,False,True
C02672,ณัฐ,ชาย,25-34,B03,2026-08-16,086-xxx-5592,อารีย์,False,True
C02673,มานพ,หญิง,55+,B01,2025-07-27,087-xxx-8169,สยาม,False,True
C02674,ภูมิ,ชาย,55+,B01,2026-06-13,085-xxx-5123,สยาม,False,True
C02675,ปวีณ,หญิง,35-44,B01,2026-03-10,087-xxx-8812,สยาม,False,True
C02676,กิตติ,ชาย,25-34,B01,2026-05-14,084-xxx-9784,สยาม,False,True
C02677,นภัส,หญิง,18-24,B01,2025-11-01,085-xxx-5549,สยาม,False,True
C02678,กิตติ,หญิง,55+,B04,2026-02-24,086-xxx-6235,บางนา,False,True
C02679,มานพ,ชาย,25-34,B01,2026-05-25,086-xxx-8250,สยาม,False,True
C02680,วีระ,ชาย,45-54,B04,2025-04-12,083-xxx-2266,บางนา,False,True
C02681,ปิยะ,หญิง,35-44,B01,2025-10-22,084-xxx-1075,สยาม,False,True
C02682,อรุณ,หญิง,25-34,B02,2025-06-10,084-xxx-8820,สีลม,False,True
C02683,มานพ,หญิง,18-24,B02,2026-04-16,086-xxx-9614,สีลม,False,True
C02684,กมล,ชาย,25-34,B05,2026-08-21,082-xxx-5477,มหาวิทยาลัย,False,False
C02685,มานพ,หญิง,35-44,B01,2025-07-10,085-xxx-5839,สยาม,False,True
C02686,ทิพย์,ชาย,55+,B05,2026-07-08,083-xxx-3922,มหาวิทยาลัย,False,False
C02687,นภัส,ไม่ระบุ,25-34,B05,2025-08-02,083-xxx-7463,มหาวิทยาลัย,False,True
C02688,อรุณ,ชาย,45-54,B02,2025-07-04,081-xxx-9181,สีลม,False,True
C02689,ภูมิ,ชาย,18-24,B03,2026-05-10,083-xxx-1901,อารีย์,False,True
C02690,กิตติ,หญิง,45-54,B02,2026-05-01,085-xxx-4915,สีลม,False,True
C02691,ศิริ,หญิง,18-24,B02,2025-06-13,089-xxx-3164,สีลม,False,True
C02692,ธีร,หญิง,25-34,B01,2026-03-05,081-xxx-5401,สยาม,False,True
C02693,ณัฐ,หญิง,35-44,B01,2025-11-07,088-xxx-1803,สยาม,False,True
C02694,ทิพย์,ชาย,45-54,B02,2025-12-05,082-xxx-4131,สีลม,False,True
C02695,ธีร,ชาย,18-24,B05,2026-07-05,084-xxx-3117,มหาวิทยาลัย,False,True
C02696,เกศ,ชาย,25-34,B01,2025-04-10,085-xxx-4034,สยาม,False,True
C02697,ชนา,ชาย,25-34,B04,2026-05-02,084-xxx-2419,บางนา,False,True
C02698,กิตติ,ชาย,45-54,B01,2025-07-10,084-xxx-8269,สยาม,False,True
C02699,ธนา,หญิง,25-34,B03,2026-08-03,083-xxx-2878,อารีย์,False,False
C02700,พิม,หญิง,18-24,B04,2026-08-25,081-xxx-6010,บางนา,False,False
C02701,พิม,ไม่ระบุ,18-24,B04,2025-10-05,082-xxx-3166,บางนา,False,True
C02702,ภูมิ,หญิง,25-34,B02,2026-05-15,084-xxx-8566,สีลม,False,True
C02703,สุดา,หญิง,18-24,B04,2026-06-30,085-xxx-5513,บางนา,False,True
C02704,ภัทร,หญิง,45-54,B02,2025-05-11,085-xxx-5792,สีลม,False,True
C02705,ภูมิ,หญิง,25-34,B04,2026-02-04,087-xxx-5178,บางนา,False,True
C02706,ธีร,หญิง,25-34,B03,2026-02-12,081-xxx-3055,อารีย์,False,True
C02707,ณัฐ,ชาย,18-24,B02,2025-10-02,082-xxx-1756,สีลม,False,True
C02708,วีระ,หญิง,45-54,B03,2026-02-21,085-xxx-2300,อารีย์,False,True
C02709,ธีร,หญิง,35-44,B05,2025-06-22,084-xxx-9351,มหาวิทยาลัย,False,True
C02710,สุดา,หญิง,18-24,B02,2026-04-04,081-xxx-2022,สีลม,False,False
C02711,รัตนา,หญิง,45-54,B02,2025-10-18,081-xxx-4367,สีลม,False,True
C02712,อัญชลี,หญิง,25-34,B02,2026-01-11,089-xxx-3457,สีลม,False,True
C02713,ภูมิ,ชาย,18-24,B01,2026-04-29,085-xxx-4192,สยาม,False,True
C02714,กิตติ,หญิง,18-24,B01,2026-05-29,086-xxx-1050,สยาม,False,True
C02715,เกศ,ชาย,35-44,B01,2025-10-09,083-xxx-1393,สยาม,False,True
C02716,ณัฐ,ชาย,18-24,B04,2026-06-19,082-xxx-8342,บางนา,False,True
C02717,ธนา,ไม่ระบุ,35-44,B02,2025-05-13,088-xxx-8911,สีลม,False,True
C02718,จิรา,หญิง,35-44,B02,2026-07-24,086-xxx-1216,สีลม,False,True
C02719,รัตนา,หญิง,ต่ำกว่า 18,B05,2026-07-06,089-xxx-4381,มหาวิทยาลัย,False,True
C02720,ชนา,หญิง,45-54,B02,2025-06-24,083-xxx-1649,สีลม,False,True
C02721,ทิพย์,ชาย,35-44,B05,2025-06-20,089-xxx-1798,มหาวิทยาลัย,False,True
C02722,ปิยะ,หญิง,25-34,B02,2026-09-14,081-xxx-5355,สีลม,False,False
C02723,กิตติ,ชาย,35-44,B02,2025-04-03,086-xxx-7952,สีลม,False,True
C02724,กมล,หญิง,25-34,B02,2026-08-29,083-xxx-9174,สีลม,False,True
C02725,ภูมิ,หญิง,25-34,B05,2025-10-13,088-xxx-4799,มหาวิทยาลัย,False,True
C02726,อัญชลี,ชาย,18-24,B02,2025-09-04,089-xxx-1825,สีลม,False,True
C02727,กมล,ชาย,25-34,B04,2026-03-27,081-xxx-3739,บางนา,False,True
C02728,ธนา,หญิง,18-24,B01,2025-12-11,085-xxx-9315,สยาม,False,True
C02729,กมล,หญิง,35-44,B01,2025-11-12,088-xxx-1191,สยาม,False,True
C02730,อรุณ,หญิง,18-24,B05,2025-09-16,087-xxx-5752,มหาวิทยาลัย,False,False
C02731,วรรณ,หญิง,25-34,B05,2025-04-13,081-xxx-7688,มหาวิทยาลัย,False,True
C02732,พิม,หญิง,35-44,B02,2025-12-16,088-xxx-9160,สีลม,False,True
C02733,สุดา,ชาย,45-54,B05,2026-05-20,081-xxx-8294,มหาวิทยาลัย,False,True
C02734,ธีร,หญิง,25-34,B03,2026-02-20,083-xxx-6030,อารีย์,False,True
C02735,ณัฐ,ชาย,25-34,B05,2025-04-21,081-xxx-4164,มหาวิทยาลัย,False,True
C02736,ชนา,หญิง,25-34,B05,2026-03-21,085-xxx-7018,มหาวิทยาลัย,False,True
C02737,สมชาย,หญิง,45-54,B05,2026-04-30,085-xxx-5112,มหาวิทยาลัย,False,False
C02738,ธนา,หญิง,45-54,B03,2025-11-13,087-xxx-4374,อารีย์,False,True
C02739,อัญชลี,หญิง,25-34,B05,2026-03-19,086-xxx-6946,มหาวิทยาลัย,False,True
C02740,ทิพย์,หญิง,45-54,B02,2025-11-16,084-xxx-1725,สีลม,False,False
C02741,อรุณ,หญิง,18-24,B05,2025-09-05,084-xxx-7156,มหาวิทยาลัย,False,True
C02742,จิรา,ชาย,18-24,B03,2026-04-17,084-xxx-4577,อารีย์,False,True
C02743,ปิยะ,ชาย,55+,B05,2025-04-02,087-xxx-2795,มหาวิทยาลัย,False,True
C02744,เกศ,หญิง,45-54,B04,2026-01-22,087-xxx-5907,บางนา,False,True
C02745,พิม,หญิง,25-34,B02,2025-11-08,082-xxx-9142,สีลม,False,True
C02746,ภัทร,หญิง,ต่ำกว่า 18,B04,2025-07-21,087-xxx-2441,บางนา,False,True
C02747,กิตติ,ชาย,35-44,B02,2026-04-21,088-xxx-8388,สีลม,False,True
C02748,รัตนา,หญิง,35-44,B01,2026-07-11,082-xxx-4891,สยาม,False,False
C02749,ทิพย์,ชาย,18-24,B05,2026-02-06,083-xxx-7100,มหาวิทยาลัย,False,True
C02750,ภัทร,หญิง,18-24,B05,2025-04-06,084-xxx-1761,มหาวิทยาลัย,False,True
C02751,ธีร,ชาย,18-24,B01,2025-10-28,086-xxx-8805,สยาม,False,True
C02752,พิม,ชาย,45-54,B01,2026-06-28,081-xxx-2444,สยาม,False,True
C02753,ธนา,ชาย,18-24,B01,2026-01-07,089-xxx-5255,สยาม,False,True
C02754,พิม,หญิง,18-24,B04,2025-04-06,089-xxx-5725,บางนา,False,True
C02755,ณัฐ,หญิง,18-24,B02,2026-01-24,083-xxx-3592,สีลม,False,True
C02756,กมล,หญิง,25-34,B02,2026-08-18,084-xxx-3551,สีลม,False,False
C02757,วีระ,หญิง,25-34,B01,2025-08-30,083-xxx-4251,สยาม,False,True
C02758,ทิพย์,หญิง,25-34,B02,2026-08-24,089-xxx-7069,สีลม,False,False
C02759,กิตติ,หญิง,25-34,B05,2025-09-30,089-xxx-2395,มหาวิทยาลัย,False,True
C02760,ทิพย์,หญิง,25-34,B02,2026-02-11,089-xxx-7119,สีลม,False,True
C02761,ภูมิ,ชาย,25-34,B04,2025-09-04,084-xxx-3779,บางนา,False,True
C02762,ชนา,ชาย,25-34,B04,2026-08-07,084-xxx-8224,บางนา,False,True
C02763,ภูมิ,ชาย,25-34,B05,2025-09-18,081-xxx-1330,มหาวิทยาลัย,False,True
C02764,นภัส,หญิง,18-24,B01,2025-05-17,082-xxx-4606,สยาม,False,True
C02765,พิม,หญิง,18-24,B01,2026-05-17,089-xxx-6192,สยาม,True,True
C02766,สุดา,ชาย,18-24,B05,2026-05-19,085-xxx-1626,มหาวิทยาลัย,False,True
C02767,กมล,หญิง,45-54,B01,2026-04-05,087-xxx-3739,สยาม,False,True
C02768,สุดา,หญิง,55+,B01,2025-12-20,085-xxx-2946,สยาม,False,True
C02769,มานพ,หญิง,18-24,B03,2026-04-26,084-xxx-9767,อารีย์,False,False
C02770,สุดา,หญิง,45-54,B03,2026-02-21,085-xxx-8298,อารีย์,False,True
C02771,เกศ,ชาย,18-24,B02,2026-09-08,085-xxx-1900,สีลม,False,False
C02772,สมชาย,ไม่ระบุ,18-24,B04,2025-12-05,085-xxx-7975,บางนา,False,True
C02773,วรรณ,หญิง,18-24,B05,2025-12-29,083-xxx-4644,มหาวิทยาลัย,False,True
C02774,ภัทร,ชาย,18-24,B01,2025-08-15,082-xxx-8210,สยาม,False,True
C02775,รัตนา,หญิง,18-24,B05,2025-08-05,086-xxx-3257,มหาวิทยาลัย,False,True
C02776,รัตนา,ชาย,18-24,B05,2026-03-14,087-xxx-4647,มหาวิทยาลัย,False,True
C02777,ศิริ,ชาย,55+,B04,2025-04-07,084-xxx-7882,บางนา,False,True
C02778,พิม,ชาย,45-54,B04,2026-03-23,087-xxx-2634,บางนา,False,True
C02779,ณัฐ,หญิง,35-44,B01,2025-06-28,081-xxx-4980,สยาม,False,True
C02780,สมชาย,หญิง,35-44,B05,2025-06-17,087-xxx-4120,มหาวิทยาลัย,False,True
C02781,ปวีณ,ชาย,25-34,B05,2026-07-23,088-xxx-1293,มหาวิทยาลัย,False,False
C02782,สุดา,ชาย,18-24,B02,2026-02-19,084-xxx-1214,สีลม,False,True
C02783,ภูมิ,ชาย,25-34,B03,2025-11-26,087-xxx-8614,อารีย์,False,True
C02784,วีระ,ชาย,25-34,B05,2026-06-07,085-xxx-6929,มหาวิทยาลัย,False,True
C02785,เกศ,หญิง,25-34,B05,2026-03-31,087-xxx-6780,มหาวิทยาลัย,False,True
C02786,ณัฐ,หญิง,25-34,B04,2026-02-17,086-xxx-8637,บางนา,False,False
C02787,รัตนา,ไม่ระบุ,25-34,B02,2026-02-21,083-xxx-7899,สีลม,False,True
C02788,ภัทร,หญิง,18-24,B01,2025-04-21,086-xxx-4409,สยาม,False,True
C02789,ปวีณ,หญิง,25-34,B05,2026-07-09,083-xxx-1589,มหาวิทยาลัย,False,True
C02790,รัตนา,หญิง,35-44,B02,2025-12-04,082-xxx-7664,สีลม,False,True
C02791,พิม,หญิง,55+,B01,2026-06-28,081-xxx-8137,สยาม,False,True
C02792,อัญชลี,หญิง,45-54,B03,2026-06-15,082-xxx-1601,อารีย์,False,True
C02793,รัตนา,ชาย,25-34,B02,2025-05-27,086-xxx-2802,สีลม,False,True
C02794,ปิยะ,ชาย,25-34,B05,2025-06-25,083-xxx-6992,มหาวิทยาลัย,False,True
C02795,ภัทร,หญิง,18-24,B01,2026-03-22,083-xxx-4203,สยาม,False,True
C02796,เกศ,หญิง,25-34,B05,2025-11-28,083-xxx-9129,มหาวิทยาลัย,False,True
C02797,ณัฐ,ชาย,ต่ำกว่า 18,B05,2025-12-29,086-xxx-1088,มหาวิทยาลัย,False,False
C02798,ภูมิ,ชาย,25-34,B02,2026-08-21,085-xxx-3912,สีลม,False,False
C02799,วีระ,หญิง,18-24,B03,2026-01-05,087-xxx-2425,อารีย์,False,True
C02800,ภัทร,ชาย,55+,B05,2025-11-21,082-xxx-4582,มหาวิทยาลัย,False,True
C02801,กิตติ,ชาย,35-44,B03,2026-08-02,089-xxx-2716,อารีย์,False,True
C02802,วรรณ,หญิง,18-24,B02,2026-05-29,082-xxx-1488,สีลม,False,True
C02803,พิม,หญิง,35-44,B03,2026-05-09,085-xxx-2542,อารีย์,False,True
C02804,ภูมิ,หญิง,25-34,B05,2026-06-10,082-xxx-1979,มหาวิทยาลัย,False,True
C02805,ปวีณ,หญิง,25-34,B01,2025-12-11,084-xxx-7139,สยาม,False,True
C02806,วรรณ,หญิง,35-44,B03,2026-02-16,082-xxx-5240,อารีย์,False,True
C02807,มานพ,ชาย,18-24,B05,2026-01-26,084-xxx-3267,มหาวิทยาลัย,True,True
C02808,รัตนา,ชาย,18-24,B04,2026-04-28,087-xxx-6674,บางนา,False,True
C02809,วรรณ,ชาย,25-34,B01,2025-08-10,087-xxx-8469,สยาม,False,True
C02810,อรุณ,ชาย,45-54,B01,2025-06-13,087-xxx-1442,สยาม,False,False
C02811,รัตนา,หญิง,18-24,B03,2026-02-27,083-xxx-9413,อารีย์,False,True
C02812,นภัส,ชาย,25-34,B03,2026-01-26,087-xxx-1324,อารีย์,False,True
C02813,รัตนา,หญิง,18-24,B01,2025-07-24,081-xxx-1110,สยาม,False,True
C02814,วีระ,หญิง,55+,B03,2026-05-24,082-xxx-3534,อารีย์,False,True
C02815,จิรา,หญิง,18-24,B02,2026-03-27,083-xxx-1568,สีลม,False,True
C02816,วีระ,หญิง,35-44,B02,2025-06-23,089-xxx-1257,สีลม,False,True
C02817,กิตติ,ชาย,25-34,B01,2025-10-13,084-xxx-1177,สยาม,False,True
C02818,กมล,หญิง,18-24,B04,2026-08-29,084-xxx-8616,บางนา,False,False
C02819,ธีร,หญิง,45-54,B01,2026-02-19,085-xxx-4115,สยาม,False,True
C02820,ปิยะ,หญิง,18-24,B04,2026-08-16,089-xxx-7123,บางนา,True,True
C02821,กิตติ,ชาย,18-24,B01,2026-07-21,083-xxx-4820,สยาม,False,False
C02822,ภูมิ,หญิง,25-34,B01,2025-07-25,086-xxx-3484,สยาม,False,True
C02823,ศิริ,ชาย,18-24,B05,2025-10-14,086-xxx-5278,มหาวิทยาลัย,False,True
C02824,ชนา,ชาย,35-44,B04,2026-01-03,083-xxx-9541,บางนา,False,True
C02825,จิรา,หญิง,45-54,B03,2026-03-10,089-xxx-3337,อารีย์,False,True
C02826,ภูมิ,ชาย,18-24,B03,2026-05-01,088-xxx-3301,อารีย์,False,True
C02827,ชนา,หญิง,35-44,B02,2025-10-03,081-xxx-4146,สีลม,False,True
C02828,เกศ,ชาย,25-34,B02,2026-05-29,088-xxx-6153,สีลม,False,True
C02829,ปิยะ,หญิง,18-24,B04,2025-09-22,087-xxx-7067,บางนา,False,True
C02830,ธนา,หญิง,25-34,B02,2025-08-14,081-xxx-8253,สีลม,False,True
C02831,กิตติ,หญิง,25-34,B03,2025-12-16,086-xxx-6145,อารีย์,False,False
C02832,วีระ,หญิง,18-24,B04,2026-08-19,084-xxx-7961,บางนา,False,False
C02833,ชนา,ไม่ระบุ,18-24,B02,2026-03-26,086-xxx-7143,สีลม,False,True
C02834,ภัทร,ชาย,25-34,B04,2025-06-05,086-xxx-9435,บางนา,False,True
C02835,ปิยะ,ชาย,45-54,B02,2026-06-03,083-xxx-6615,สีลม,False,True
C02836,ณัฐ,หญิง,25-34,B01,2026-05-27,083-xxx-6073,สยาม,False,True
C02837,เกศ,ชาย,18-24,B01,2025-10-01,088-xxx-4914,สยาม,False,True
C02838,นภัส,หญิง,25-34,B05,2025-08-20,088-xxx-2026,มหาวิทยาลัย,False,True
C02839,สุดา,หญิง,55+,B02,2026-06-05,086-xxx-1790,สีลม,False,False
C02840,สุดา,ไม่ระบุ,55+,B03,2026-08-10,084-xxx-1253,อารีย์,False,False
C02841,ปิยะ,ชาย,45-54,B05,2026-02-25,087-xxx-5999,มหาวิทยาลัย,False,True
C02842,สุดา,หญิง,18-24,B05,2025-07-01,085-xxx-1908,มหาวิทยาลัย,False,True
C02843,ธีร,หญิง,25-34,B05,2026-05-20,081-xxx-5843,มหาวิทยาลัย,True,False
C02844,เกศ,หญิง,25-34,B02,2025-12-06,082-xxx-6358,สีลม,True,True
C02845,ศิริ,ชาย,18-24,B04,2026-06-29,082-xxx-9442,บางนา,False,True
C02846,กิตติ,หญิง,18-24,B04,2025-06-12,081-xxx-1373,บางนา,False,True
C02847,ปวีณ,ชาย,25-34,B04,2026-04-06,081-xxx-3788,บางนา,False,True
C02848,อัญชลี,ชาย,18-24,B02,2026-04-01,081-xxx-1155,สีลม,False,True
C02849,ชนา,ชาย,45-54,B04,2026-08-24,085-xxx-5194,บางนา,False,True
C02850,กิตติ,หญิง,25-34,B02,2025-11-01,084-xxx-7453,สีลม,False,True
C02851,ธีร,หญิง,18-24,B03,2026-09-13,082-xxx-9519,อารีย์,False,True
C02852,พิม,หญิง,25-34,B04,2026-07-08,081-xxx-4317,บางนา,False,True
C02853,ปิยะ,หญิง,35-44,B03,2026-01-11,082-xxx-3762,อารีย์,False,True
C02854,ธีร,หญิง,18-24,B05,2026-08-26,084-xxx-4182,มหาวิทยาลัย,False,True
C02855,ทิพย์,ชาย,18-24,B02,2026-01-29,081-xxx-2526,สีลม,False,False
C02856,อรุณ,หญิง,25-34,B03,2026-07-30,087-xxx-2200,อารีย์,False,True
C02857,ชนา,หญิง,18-24,B02,2025-09-03,082-xxx-2647,สีลม,False,True
C02858,ธนา,ชาย,ต่ำกว่า 18,B05,2025-08-30,083-xxx-1909,มหาวิทยาลัย,False,True
C02859,รัตนา,หญิง,55+,B01,2026-03-23,083-xxx-1203,สยาม,False,True
C02860,สุดา,ไม่ระบุ,35-44,B02,2026-05-21,087-xxx-7116,สีลม,False,True
C02861,นภัส,หญิง,45-54,B04,2026-07-19,086-xxx-2662,บางนา,False,False
C02862,พิม,หญิง,35-44,B05,2025-12-24,089-xxx-2726,มหาวิทยาลัย,False,False
C02863,อรุณ,หญิง,18-24,B05,2025-12-22,085-xxx-7361,มหาวิทยาลัย,False,True
C02864,สุดา,ชาย,35-44,B01,2025-10-26,088-xxx-9206,สยาม,False,True
C02865,มานพ,ชาย,25-34,B04,2025-09-10,084-xxx-1772,บางนา,False,True
C02866,สุดา,หญิง,18-24,B01,2025-10-20,082-xxx-9902,สยาม,False,True
C02867,ธนา,ชาย,25-34,B04,2025-04-04,083-xxx-7213,บางนา,False,True
C02868,ธีร,หญิง,25-34,B03,2026-02-19,088-xxx-5772,อารีย์,False,True
C02869,วีระ,หญิง,55+,B04,2026-06-01,084-xxx-6498,บางนา,False,True
C02870,ทิพย์,หญิง,45-54,B01,2025-07-17,083-xxx-8219,สยาม,False,True
C02871,ภูมิ,หญิง,18-24,B02,2026-05-08,082-xxx-8112,สีลม,False,True
C02872,ปวีณ,หญิง,ต่ำกว่า 18,B04,2025-09-12,084-xxx-3940,บางนา,False,False
C02873,ธีร,หญิง,25-34,B01,2026-02-02,081-xxx-2731,สยาม,False,True
C02874,รัตนา,ชาย,ต่ำกว่า 18,B05,2026-05-29,087-xxx-1356,มหาวิทยาลัย,False,False
C02875,นภัส,หญิง,45-54,B02,2026-01-14,089-xxx-8904,สีลม,False,True
C02876,รัตนา,หญิง,55+,B05,2025-04-07,085-xxx-9986,มหาวิทยาลัย,False,True
C02877,ภัทร,หญิง,25-34,B05,2025-05-22,081-xxx-9540,มหาวิทยาลัย,False,True
C02878,อัญชลี,ไม่ระบุ,18-24,B04,2026-06-27,088-xxx-6423,บางนา,False,True
C02879,สมชาย,หญิง,35-44,B01,2025-07-18,087-xxx-6108,สยาม,False,True
C02880,กมล,หญิง,45-54,B02,2026-07-04,081-xxx-6268,สีลม,False,True
C02881,รัตนา,หญิง,25-34,B04,2026-04-13,086-xxx-5110,บางนา,False,False
C02882,ภูมิ,ชาย,35-44,B01,2026-07-30,088-xxx-6415,สยาม,False,True
C02883,สมชาย,หญิง,35-44,B05,2026-02-12,083-xxx-5541,มหาวิทยาลัย,False,True
C02884,อรุณ,ชาย,18-24,B05,2025-04-02,081-xxx-1665,มหาวิทยาลัย,False,True
C02885,วรรณ,ชาย,25-34,B01,2026-07-30,086-xxx-4289,สยาม,False,True
C02886,พิม,หญิง,25-34,B04,2026-09-09,086-xxx-1553,บางนา,False,True
C02887,จิรา,ชาย,55+,B05,2026-09-12,085-xxx-8887,มหาวิทยาลัย,False,False
C02888,ภัทร,ชาย,35-44,B01,2025-12-10,087-xxx-1944,สยาม,False,True
C02889,พิม,หญิง,18-24,B02,2025-10-03,082-xxx-6932,สีลม,False,True
C02890,ชนา,หญิง,25-34,B04,2026-07-01,086-xxx-7249,บางนา,False,True
C02891,วรรณ,หญิง,25-34,B04,2025-05-27,083-xxx-1715,บางนา,False,True
C02892,ทิพย์,หญิง,55+,B04,2026-03-12,089-xxx-7647,บางนา,False,True
C02893,ธนา,ชาย,35-44,B02,2026-03-29,086-xxx-2677,สีลม,False,True
C02894,มานพ,ไม่ระบุ,45-54,B02,2025-07-13,081-xxx-5662,สีลม,False,True
C02895,ชนา,หญิง,18-24,B05,2026-08-24,085-xxx-8531,มหาวิทยาลัย,True,False
C02896,จิรา,ชาย,25-34,B01,2025-05-06,081-xxx-8619,สยาม,True,True
C02897,จิรา,หญิง,35-44,B03,2026-03-25,082-xxx-8678,อารีย์,False,False
C02898,จิรา,ชาย,18-24,B03,2026-05-01,083-xxx-1114,อารีย์,False,True
C02899,นภัส,หญิง,55+,B04,2026-05-12,085-xxx-3172,บางนา,False,True
C02900,อรุณ,หญิง,18-24,B05,2025-04-11,084-xxx-6220,มหาวิทยาลัย,False,True
C02901,สมชาย,ไม่ระบุ,45-54,B04,2026-03-29,082-xxx-5031,บางนา,False,True
C02902,อัญชลี,หญิง,35-44,B05,2026-07-15,087-xxx-9592,มหาวิทยาลัย,False,False
C02903,ปิยะ,ชาย,55+,B04,2026-03-02,083-xxx-8210,บางนา,False,True
C02904,รัตนา,หญิง,35-44,B02,2026-01-27,084-xxx-6971,สีลม,False,True
C02905,นภัส,ชาย,35-44,B01,2025-10-21,088-xxx-5469,สยาม,False,True
C02906,รัตนา,หญิง,25-34,B05,2026-07-18,089-xxx-4645,มหาวิทยาลัย,False,True
C02907,วีระ,หญิง,18-24,B04,2025-06-05,085-xxx-4273,บางนา,False,True
C02908,พิม,หญิง,18-24,B01,2026-05-12,087-xxx-6052,สยาม,False,True
C02909,อัญชลี,ชาย,25-34,B02,2026-08-21,081-xxx-4107,สีลม,False,False
C02910,ธนา,หญิง,25-34,B05,2026-07-14,081-xxx-9893,มหาวิทยาลัย,False,False
C02911,ภูมิ,หญิง,25-34,B03,2026-01-26,089-xxx-9667,อารีย์,False,False
C02912,เกศ,ชาย,25-34,B02,2026-03-25,087-xxx-5526,สีลม,False,False
C02913,ทิพย์,ชาย,25-34,B05,2025-07-08,082-xxx-1307,มหาวิทยาลัย,False,True
C02914,ชนา,หญิง,18-24,B01,2026-07-01,083-xxx-5214,สยาม,False,True
C02915,พิม,ชาย,35-44,B02,2026-03-05,082-xxx-4896,สีลม,False,True
C02916,ปิยะ,หญิง,18-24,B01,2025-07-01,083-xxx-2823,สยาม,False,True
C02917,ธีร,ชาย,25-34,B02,2025-06-04,088-xxx-9453,สีลม,False,True
C02918,พิม,ชาย,35-44,B05,2026-01-07,089-xxx-3438,มหาวิทยาลัย,False,True
C02919,วรรณ,หญิง,18-24,B04,2026-01-29,086-xxx-9485,บางนา,False,True
C02920,รัตนา,หญิง,45-54,B05,2025-06-26,084-xxx-7612,มหาวิทยาลัย,False,True
C02921,รัตนา,หญิง,55+,B01,2026-06-16,081-xxx-2187,สยาม,False,True
C02922,ชนา,หญิง,25-34,B02,2025-04-30,085-xxx-4782,สีลม,False,True
C02923,ณัฐ,ชาย,25-34,B01,2025-05-08,089-xxx-4583,สยาม,False,True
C02924,ธีร,ชาย,25-34,B01,2025-05-07,084-xxx-4916,สยาม,False,True
C02925,ภัทร,หญิง,ต่ำกว่า 18,B02,2025-12-31,088-xxx-9575,สีลม,False,True
C02926,รัตนา,ชาย,25-34,B01,2025-10-16,088-xxx-5089,สยาม,False,True
C02927,กิตติ,ชาย,ต่ำกว่า 18,B01,2025-08-25,084-xxx-9270,สยาม,False,True
C02928,ธีร,หญิง,55+,B03,2026-06-06,088-xxx-1649,อารีย์,True,False
C02929,วรรณ,หญิง,18-24,B02,2026-05-07,081-xxx-7545,สีลม,False,True
C02930,กมล,หญิง,35-44,B04,2025-11-01,088-xxx-3408,บางนา,False,True
C02931,ชนา,ชาย,ต่ำกว่า 18,B02,2025-10-08,083-xxx-8706,สีลม,False,True
C02932,อรุณ,หญิง,45-54,B02,2025-09-25,081-xxx-2002,สีลม,False,True
C02933,วีระ,ชาย,ต่ำกว่า 18,B04,2026-03-05,086-xxx-6611,บางนา,False,True
C02934,สมชาย,หญิง,25-34,B05,2026-07-25,085-xxx-8684,มหาวิทยาลัย,False,True
C02935,สุดา,หญิง,18-24,B04,2025-12-31,081-xxx-1670,บางนา,False,True
C02936,ชนา,ไม่ระบุ,25-34,B05,2026-04-04,081-xxx-4415,มหาวิทยาลัย,False,True
C02937,เกศ,ชาย,35-44,B04,2026-02-23,085-xxx-8246,บางนา,False,True
C02938,นภัส,หญิง,18-24,B03,2025-12-05,086-xxx-8017,อารีย์,False,True
C02939,กมล,หญิง,18-24,B02,2025-09-10,087-xxx-5766,สีลม,False,True
C02940,ปิยะ,ชาย,25-34,B02,2025-11-12,086-xxx-2850,สีลม,False,True
C02941,ณัฐ,ชาย,35-44,B02,2026-08-28,083-xxx-8225,สีลม,False,False
C02942,เกศ,ชาย,35-44,B01,2026-02-19,085-xxx-5599,สยาม,False,True
C02943,จิรา,ชาย,35-44,B03,2026-05-18,084-xxx-4839,อารีย์,False,False
C02944,สุดา,หญิง,35-44,B01,2026-05-14,089-xxx-6741,สยาม,False,True
C02945,นภัส,หญิง,45-54,B02,2025-09-30,083-xxx-7200,สีลม,False,True
C02946,จิรา,หญิง,25-34,B01,2025-10-17,085-xxx-6923,สยาม,False,True
C02947,อัญชลี,หญิง,25-34,B01,2025-12-13,085-xxx-3074,สยาม,False,False
C02948,กมล,หญิง,35-44,B01,2026-02-07,085-xxx-9615,สยาม,False,True
C02949,มานพ,ชาย,25-34,B05,2026-01-29,088-xxx-5743,มหาวิทยาลัย,False,True
C02950,ศิริ,ไม่ระบุ,25-34,B01,2026-02-12,087-xxx-3019,สยาม,False,True
C02951,ทิพย์,ชาย,25-34,B05,2025-06-30,082-xxx-7534,มหาวิทยาลัย,False,True
C02952,ชนา,หญิง,ต่ำกว่า 18,B05,2026-06-09,086-xxx-3211,มหาวิทยาลัย,False,True
C02953,ทิพย์,ชาย,45-54,B02,2026-02-08,085-xxx-8531,สีลม,True,True
C02954,นภัส,หญิง,25-34,B02,2025-06-22,086-xxx-1535,สีลม,False,True
C02955,นภัส,ชาย,18-24,B03,2026-05-04,089-xxx-7335,อารีย์,False,True
C02956,ภูมิ,หญิง,45-54,B01,2025-07-19,089-xxx-2506,สยาม,False,True
C02957,พิม,หญิง,35-44,B03,2026-01-03,083-xxx-4143,อารีย์,False,True
C02958,ปวีณ,หญิง,55+,B05,2025-04-18,082-xxx-5185,มหาวิทยาลัย,False,True
C02959,ศิริ,หญิง,18-24,B02,2025-11-25,084-xxx-1130,สีลม,False,True
C02960,ธนา,ชาย,25-34,B05,2026-01-19,088-xxx-7854,มหาวิทยาลัย,False,True
C02961,ปวีณ,ชาย,18-24,B02,2026-01-22,083-xxx-9441,สีลม,False,True
C02962,ปิยะ,หญิง,25-34,B05,2025-08-13,084-xxx-4895,มหาวิทยาลัย,False,True
C02963,ชนา,หญิง,18-24,B04,2026-04-25,088-xxx-7141,บางนา,False,True
C02964,อัญชลี,ชาย,18-24,B05,2026-02-25,088-xxx-6591,มหาวิทยาลัย,False,True
C02965,กิตติ,ชาย,25-34,B01,2026-06-25,086-xxx-9815,สยาม,False,False
C02966,ศิริ,ชาย,18-24,B03,2026-08-15,088-xxx-4808,อารีย์,False,False
C02967,สมชาย,ชาย,25-34,B03,2026-06-18,086-xxx-6398,อารีย์,False,True
C02968,กิตติ,ชาย,25-34,B05,2025-08-09,087-xxx-7059,มหาวิทยาลัย,False,True
C02969,อัญชลี,ชาย,55+,B05,2025-12-07,087-xxx-3879,มหาวิทยาลัย,False,True
C02970,ธนา,หญิง,25-34,B04,2026-08-23,088-xxx-6285,บางนา,False,False
C02971,ปวีณ,ไม่ระบุ,18-24,B05,2025-05-22,086-xxx-3546,มหาวิทยาลัย,False,False
C02972,สมชาย,หญิง,18-24,B05,2026-02-23,085-xxx-8364,มหาวิทยาลัย,False,True
C02973,สุดา,หญิง,35-44,B01,2025-09-15,082-xxx-4444,สยาม,False,True
C02974,รัตนา,ชาย,35-44,B05,2026-04-30,081-xxx-9545,มหาวิทยาลัย,False,False
C02975,จิรา,ชาย,25-34,B01,2026-03-09,085-xxx-1088,สยาม,True,True
C02976,ภัทร,ชาย,35-44,B02,2025-08-20,084-xxx-6408,สีลม,False,True
C02977,สมชาย,ชาย,25-34,B04,2026-08-19,087-xxx-6186,บางนา,False,False
C02978,จิรา,หญิง,55+,B04,2026-05-22,086-xxx-8060,บางนา,False,True
C02979,อัญชลี,ชาย,55+,B05,2025-08-25,081-xxx-2533,มหาวิทยาลัย,False,True
C02980,พิม,ชาย,45-54,B05,2025-04-04,086-xxx-7735,มหาวิทยาลัย,False,True
C02981,มานพ,หญิง,25-34,B05,2025-07-31,083-xxx-1137,มหาวิทยาลัย,False,True
C02982,นภัส,ชาย,18-24,B03,2026-08-12,088-xxx-6520,อารีย์,False,False
C02983,ปิยะ,หญิง,25-34,B04,2025-11-16,083-xxx-7897,บางนา,False,True
C02984,ปิยะ,หญิง,35-44,B05,2026-05-17,085-xxx-1763,มหาวิทยาลัย,False,False
C02985,มานพ,หญิง,25-34,B02,2026-05-06,088-xxx-3731,สีลม,False,True
C02986,ปิยะ,หญิง,35-44,B01,2025-08-14,083-xxx-9417,สยาม,False,True
C02987,ชนา,หญิง,18-24,B02,2025-08-20,088-xxx-8346,สีลม,False,True
C02988,วีระ,หญิง,25-34,B04,2026-05-13,084-xxx-7721,บางนา,False,True
C02989,วีระ,ชาย,ต่ำกว่า 18,B01,2026-05-03,085-xxx-9841,สยาม,False,True
C02990,วีระ,หญิง,25-34,B04,2026-09-14,088-xxx-3366,บางนา,False,True
C02991,นภัส,หญิง,18-24,B02,2026-07-27,089-xxx-4510,สีลม,False,False
C02992,สมชาย,หญิง,18-24,B05,2026-04-30,084-xxx-1665,มหาวิทยาลัย,False,True
C02993,กมล,ชาย,35-44,B02,2025-11-09,088-xxx-1093,สีลม,False,True
C02994,มานพ,ชาย,35-44,B01,2025-04-25,084-xxx-7939,สยาม,False,True
C02995,ภัทร,หญิง,35-44,B01,2025-04-06,087-xxx-4141,สยาม,False,False
C02996,จิรา,ชาย,25-34,B04,2025-12-09,087-xxx-8495,บางนา,False,True
C02997,อัญชลี,ชาย,25-34,B01,2026-05-12,087-xxx-5634,สยาม,False,True
C02998,รัตนา,ชาย,ต่ำกว่า 18,B02,2026-09-11,086-xxx-6196,สีลม,False,True
C02999,สุดา,หญิง,18-24,B01,2025-09-16,083-xxx-9584,สยาม,False,True
C03000,กิตติ,ชาย,55+,B05,2026-06-07,088-xxx-8983,มหาวิทยาลัย,False,True
